Horodateur	Votre université :	Votre classement :	Note à l'UC1 : (avec une virgule et pas un point)	UC1/20	Note à l'UC2 : (avec une virgule et pas un point)	UC2/20	Note à l'UC3 : (avec une virgule et pas un point)	UC3/20	Note à la LCA : (avec une virgule et pas un point)	LCA/20	Votre classement au concours blancs (après l'ensemble des UC d'avril) ?	Note total
30/06/2023 12:53	Poitiers	253	85	17,89	80,18	16,88	79,07	16,65	36	13,85	401	280,25
30/06/2023 12:54	Poitiers	277	83,9	17,66	82,88	17,45	78	16,42	35,2	13,54	400	279,98
30/06/2023 12:54	Dijon	234	83,6	17,6	84,23	17,73	79,43	16,72	33,6	12,92	867	280,86
30/06/2023 12:54	Marseille	3151	74,3	15,64	77,65	16,35	75,47	15,89	28,8	11,08	2221	256,22
30/06/2023 12:55	Clermont-Ferrand	4490	70,25	14,79	76,18	16,04	71,75	15,11	30,6	11,77	1690	248,78
30/06/2023 12:56	Paris	4649	72,2	15,2	69,73	14,68	75,47	15,89	30,2	11,62	2855	247,6
30/06/2023 12:56	Paris	1048	78,25	16,47	76,57	16,12	83,73	17,63	31,6	12,15	2606	270,15
30/06/2023 12:56	Nantes	300	80,35	16,92	83,17	17,51	82,83	17,44	33,4	12,85	251	279,75
30/06/2023 12:56	Rennes	3700	77,8	16,38	71,88	15,13	71,7	15,09	31,8	12,23	3900	253,18
30/06/2023 12:56	Nancy	2971	69,1	14,55	76,2	16,04	80,52	16,95	31,6	12,15	541	257,42
30/06/2023 12:56	Besançon	4138	76,9	16,19	74	15,58	69,53	14,64	30,2	11,62	5802	250,63
30/06/2023 12:56	Lille	171	85	17,89	84,63	17,82	80,93	17,04	31,8	12,23	150	282,36
30/06/2023 12:56	Tours	524	81,9	17,24	79,55	16,75	73,4	15,45	41,2	15,85	233	276,05
30/06/2023 12:57	PARIS	149	81,6	17,18	84,12	17,71	82,3	17,33	35,2	13,54	75	283,22
30/06/2023 12:58	Brest	7797	58,4	12,29	66,37	13,97	67,2	14,15	30	11,54	7667	221,97
30/06/2023 12:58	Paris	127	82,75	17,42	80,63	16,97	80,83	17,02	39,8	15,31	239	284,01
30/06/2023 12:58	Lille	4449	73,75	15,53	75,63	15,92	69,8	14,69	29,8	11,46	1700	248,98
30/06/2023 12:58	Paris	2071	81,05	17,06	79,53	16,74	78,35	16,49	23,8	9,15	2700	262,73
30/06/2023 12:59	Paris	5055	69,8	14,69	76,98	16,21	70,63	14,87	27,6	10,62	2637	245,01
30/06/2023 13:00	Paris ouest	1757	78,15	16,45	73,72	15,52	75,83	15,96	37,2	14,31	1700	264,9
30/06/2023 13:01	Strasbourg	483	79,65	16,77	81,13	17,08	79,87	16,81	35,8	13,77	890	276,45
30/06/2023 13:01	Grenoble	266	83,95	17,67	86,05	18,12	76,72	16,15	33,4	12,85	1039	280,12
30/06/2023 13:01	Tours	3610	75,65	15,93	74,25	15,63	73,22	15,41	30,6	11,77	3295	253,72
30/06/2023 13:01	Toulouse	2623	73,55	15,48	77,38	16,29	78,87	16,6	29,6	11,38	845	259,4
30/06/2023 13:01	Nancy	1604	82	17,26	77,85	16,39	77,23	16,26	28,8	11,08	2900	265,88
30/06/2023 13:01	Aulnay-sous-Bois	7941	68,9	14,51	67,55	14,22	60,97	12,84	22,6	8,69	8400	220,02
30/06/2023 13:02	Lyon	5469	75,25	15,84	72,32	15,23	67,82	14,28	27	10,38	4536	242,39
30/06/2023 13:02	Nice	9348	47,63	10,03	53,6	11,28	54,08	11,39	27	10,38	9182	182,31
30/06/2023 13:02	Caen	8768	58,3	12,27	61,37	12,92	61,92	13,04	23	8,85	7034	204,59
30/06/2023 13:02	Paris	2508	74,2	15,62	74,82	15,75	76,68	16,14	34,4	13,23	2200	260,1
30/06/2023 13:02	Toulouse	5497	71,6	15,07	69,13	14,55	76,45	16,09	25	9,62	3883	242,18
30/06/2023 13:02	Reims	1263	77,9	16,4	78,73	16,57	77,1	16,23	34,6	13,31	4170	268,33
30/06/2023 13:02	Paris	8042	58,2	12,25	66,13	13,92	69,17	14,56	25	9,62	6858	218,5
30/06/2023 13:03	Dijon	6092	71,3	15,01	59,27	12,48	74,4	15,66	33,2	12,77	2396	238,17
30/06/2023 13:03	Dijon	2768	81,6	17,18	74,62	15,71	72,27	15,21	30	11,54	1518	258,49
30/06/2023 13:03	Brest	27	82,05	17,27	87,2	18,36	83,07	17,49	38,2	14,69	24	290,52
30/06/2023 13:04	Lyon Est	1132	74,1	15,6	82,98	17,47	75,87	15,97	36,6	14,08	739	269,55
30/06/2023 13:04	Grenoble	2339	74,25	15,63	79,82	16,8	76,6	16,13	30,4	11,69	2137	261,07
30/06/2023 13:04	Dijon	2037	75,65	15,93	78,53	16,53	77,53	16,32	31,2	12	1068	262,91
30/06/2023 13:04	Nice	94	87,55	18,43	86,37	18,18	77,03	16,22	34,8	13,38	114	285,75
30/06/2023 13:04	Marseille	7371	68,92	14,51	65,95	13,88	68,08	14,33	23,8	9,15	7390	226,75
30/06/2023 13:04	Rouen	5670	69,35	14,6	68,05	14,33	77	16,21	26,6	10,23	5383	241
30/06/2023 13:04	Toulouse	3835	69,25	14,58	76,47	16,1	76,28	16,06	30,6	11,77	Pas fait la LCA donc 8000 et quelques	252,6
30/06/2023 13:04	Poitiers	3435	78,6	16,55	73,22	15,41	72,53	15,27	30,2	11,62	3563	254,55
30/06/2023 13:04	Lyon sud	630	81,7	17,2	81,12	17,08	81,5	17,16	30,4	11,69	Pas fait la LCA	274,72
30/06/2023 13:04	Caen	770	85,55	18,01	77,73	16,36	78,07	16,44	31,6	12,15	768	272,95
30/06/2023 13:05	Rennes	3121	72,6	15,28	72,22	15,2	77,98	16,42	33,6	12,92	3800	256,4
30/06/2023 13:05	Aix-Marseille	2929	74,1	15,6	76,43	16,09	75,47	15,89	31,6	12,15	1361	257,6
30/06/2023 13:05	Caen	5390	74,3	15,64	73,13	15,4	70,3	14,8	25,2	9,69	5333	242,93
30/06/2023 13:05	Reims	990	77,85	16,39	80,47	16,94	78,27	16,48	34	13,08	1500	270,59
30/06/2023 13:06	Besançon	5182	71,25	15	72,83	15,33	70,38	14,82	29,8	11,46	3815	244,26
30/06/2023 13:06	Poitiers	3461	74,01	15,58	74,17	15,61	72,97	15,36	33,2	12,77	3661	254,35
30/06/2023 13:08	Lille état	125	83,3	17,54	82,87	17,45	84,57	17,8	33,4	12,85	34	284,14
30/06/2023 13:08	Paris	5585	69,05	14,54	75,73	15,94	73,4	15,45	23,4	9	7654	241,58
30/06/2023 13:08	Paris 13	3707	74,9	15,77	77,4	16,29	74,4	15,66	26,4	10,15	1266	253,1
30/06/2023 13:08	Toulouse	1540	79,9	16,82	78,78	16,59	74,47	15,68	33,2	12,77	2500	266,35
30/06/2023 13:08	Brest	875	84,25	17,74	79,42	16,72	75,07	15,8	33,2	12,77	2381	271,94
30/06/2023 13:08	Paris 7	8636	62,07	13,07	56,4	11,87	62,88	13,24	26	10	Pas fait	207,35
30/06/2023 13:09	Paris 5	6501	70,95	14,94	73,2	15,41	68,18	14,35	22,4	8,62	5995	234,73
30/06/2023 13:09	Tours	2698	79,15	16,66	78,1	16,44	76,83	16,17	24,8	9,54	1696	258,88
30/06/2023 13:09	Angers	495	83,3	17,54	82,23	17,31	77,8	16,38	33	12,69	332	276,33
30/06/2023 13:09	Angers	1981	77,4	16,29	75,68	15,93	79,02	16,64	31,2	12	1806	263,3
30/06/2023 13:09	Caen	1380	78,15	16,45	75,72	15,94	78,6	16,55	35	13,46	471	267,47
30/06/2023 13:09	Lille	6662	71,95	15,15	68,77	14,48	65,93	13,88	26,6	10,23	4560	233,25
30/06/2023 13:10	Sorbonne université	4617	71,35	15,02	79,85	16,81	72	15,16	24,2	9,31	2100	247,4
30/06/2023 13:10	Grenoble	179	83,5	17,58	82,72	17,41	79,53	16,74	36,4	14	155	282,15
30/06/2023 13:10	P6	1069	79,4	16,72	83,68	17,62	76,32	16,07	30,6	11,77	380	270
30/06/2023 13:11	Université de Paris	2335	78,1	16,44	74,3	15,64	78,4	16,51	30,2	11,62	4091	261
30/06/2023 13:11	Marseille	1351	79,45	16,73	76,52	16,11	77,72	16,36	34	13,08	3101	267,69
30/06/2023 13:11	Lille	2917	72,5	15,26	77,08	16,23	77,1	16,23	31	11,92	1430	257,68
30/06/2023 13:11	Lille	469	81,2	17,09	82,93	17,46	77,23	16,26	35,4	13,62	400	276,76
30/06/2023 13:12	Nantes	538	76,05	16,01	82,37	17,34	79,27	16,69	38,2	14,69	1830	275,89
30/06/2023 13:12	Nimes Montpellier	8713	58,65	12,35	61,82	13,01	65,3	13,75	20	7,69	7229	205,77
30/06/2023 13:12	Rennes	421	80,1	16,86	82,28	17,32	80,23	16,89	34,8	13,38	1458	277,41
30/06/2023 13:13	Toulouse	3825	73,1	15,39	78	16,42	70,35	14,81	31,2	12	3620	252,65
30/06/2023 13:13	Montpellier	7951	60,2	12,67	68,4	14,4	62,48	13,15	28,8	11,08	7700	219,88
30/06/2023 13:14	Strabourg	6560	73,1	15,39	71,53	15,06	66,78	14,06	22,8	8,77	3500	234,21
30/06/2023 13:14	lille catho	1526	77,95	16,41	81,93	17,25	74,33	15,65	32,2	12,38	3444	266,41
30/06/2023 13:14	Tours	3081	75,45	15,88	76,25	16,05	73,52	15,48	31,4	12,08	2699	256,62
30/06/2023 13:14	Paris 6	230	81,95	17,25	83,87	17,66	83,57	17,59	31,6	12,15	900	280,99
30/06/2023 13:14	Besançon	3211	78,65	16,56	74,48	15,68	72,87	15,34	29,8	11,46	1921	255,8
30/06/2023 13:15	Nancy	6535	67,45	14,2	72,77	15,32	69,8	14,69	24,4	9,38	6027	234,42
30/06/2023 13:17	Toulouse	3589	79,45	16,73	76,8	16,17	67,75	14,26	29,8	11,46	5550	253,8
30/06/2023 13:17	Rouen	932	81,6	17,18	78,42	16,51	76,77	16,16	34,4	13,23	1028	271,19
30/06/2023 13:17	Nice	61	82,1	17,28	84,92	17,88	84,4	17,77	36,6	14,08	9	288,02
30/06/2023 13:17	bordeaux	294	84,4	17,77	77,42	16,3	84,2	17,73	33,8	13	1208	279,82
30/06/2023 13:17	Tours	1589	77	16,21	78	16,42	73	15,37	36	13,85	644	264
30/06/2023 13:17	Paris 7	843	78,45	16,52	81,05	17,06	73,55	15,48	39,2	15,08	702	272,25
30/06/2023 13:18	Nancy	6972	68,4	14,4	70,02	14,74	68,62	14,45	23,6	9,08	6067	230,64
30/06/2023 13:19	Reims	3468	77,35	16,28	72,82	15,33	70,58	14,86	33,6	12,92	4990	254,35
30/06/2023 13:22	Paris 12 (Créteil)	909	78,65	16,56	81,25	17,11	79,1	16,65	32,4	12,46	863	271,4
30/06/2023 13:22	Dijon	7809	62,35	13,13	68,2	14,36	66,47	13,99	24,8	9,54	0	221,82
30/06/2023 13:22	Lyon Est	427	79,85	16,81	83,48	17,57	75,43	15,88	38,6	14,85	391	277,36
30/06/2023 13:23	Lyon Est	1241	76	16	77,78	16,37	73,53	15,48	41,2	15,85	889	268,51
30/06/2023 13:23	Caen	6256	66,05	13,91	68,67	14,46	70,67	14,88	31,4	12,08	8000 qqch mais pas representatif une epreuve non faite	236,79
30/06/2023 13:23	Caen	685	78,75	16,58	80,35	16,92	77,77	16,37	37,2	14,31	418	274,07
30/06/2023 13:24	Bordeaux	1710	79,6	16,76	80,2	16,88	75,43	15,88	30	11,54	660	265,23
30/06/2023 13:25	Caen	299	81,7	17,2	82,3	17,33	79	16,63	36,2	13,92	317	279,2
30/06/2023 13:25	Paris saclay	3958	73,07	15,38	69,03	14,53	74,57	15,7	35,2	13,54	4670	251,87
30/06/2023 13:25	Aix Marseille	140	82,55	17,38	86,63	18,24	78,23	16,47	36	13,85	243	283,41
30/06/2023 13:25	Paris Saclay	1102	79,35	16,71	80,58	16,96	76,63	16,13	33,2	12,77	2900	269,76
30/06/2023 13:26	Marseille	5398	68,37	14,39	66,63	14,03	70,1	14,76	37,8	14,54	5900 (pas fait avril)	242,9
30/06/2023 13:26	Dijon	2385	77,25	16,26	76,93	16,2	71,83	15,12	34,8	13,38	2900	260,81
30/06/2023 13:26	Dijon	7842	66,25	13,95	59,23	12,47	65,17	13,72	30,6	11,77	7002	221,25
30/06/2023 13:26	Lyon-Est	90	83,15	17,51	83,65	17,61	83,23	17,52	36	13,85	35	286,03
30/06/2023 13:27	Poitiers	610	76,75	16,16	78,83	16,6	74,98	15,79	44,4	17,08	145	274,96
30/06/2023 13:28	Tours	650	78,4	16,51	81,82	17,23	79,7	16,78	34,6	13,31	1317	274,52
30/06/2023 13:28	Paris Ouest	3630	74,15	15,61	77,73	16,36	69,3	14,59	32,4	12,46	4125	253,58
30/06/2023 13:29	Rennes	850	78,85	16,6	74,87	15,76	79,63	16,76	38,8	14,92	3000	272,15
30/06/2023 13:29	Reims	3421	68,3	14,38	75,58	15,91	72,57	15,28	38,2	14,69	3361	254,65
30/06/2023 13:30	Dijon	2299	76,05	16,01	79,02	16,64	74,08	15,6	32,2	12,38	1910	261,35
30/06/2023 13:31	Grenoble	6292	69,45	14,62	71,5	15,05	68,93	14,51	26,6	10,23	3803	236,48
30/06/2023 13:30	Bordeaux	2776	79,4	16,72	75,07	15,8	74,2	15,62	29,8	11,46	2100	258,47
30/06/2023 13:31	Kb	7998	64,6	13,6	66,62	14,03	66,15	13,93	21,8	8,38	6000	219,17
30/06/2023 13:31	Saint-Etienne	5141	77,61	16,34	70,57	14,86	56,95	11,99	39,4	15,15	5700	244,53
30/06/2023 13:32	Rennes	3773	69,95	14,73	74,92	15,77	76,02	16	32	12,31	3340	252,89
30/06/2023 13:33	Lyon Sud	938	77,4	16,29	74,57	15,7	81,95	17,25	37,2	14,31	2600	271,12
30/06/2023 13:34	Lyon sud	858	82,55	17,38	77,92	16,4	76,23	16,05	35,4	13,62	4000 (mais sans avoir passé la LCA)	272,1
30/06/2023 13:34	Caen	1218	79,85	16,81	77,07	16,23	73,23	15,42	38,6	14,85	1313	268,75
30/06/2023 13:35	Tours	8700	58,35	12,28	63,72	13,41	59,6	12,55	24,4	9,38	7000	206,07
30/06/2023 13:35	Bordeaux	3521	73	15,37	72,22	15,2	77,9	16,4	31	11,92	9000	254,12
30/06/2023 13:36	Lyon Sud	2326	73,65	15,51	79,35	16,71	75,73	15,94	32,4	12,46	3682	261,13
30/06/2023 13:36	Lille 2	586	82,4	17,35	77,93	16,41	79,23	16,68	35,8	13,77	7400 (1 épreuve non faite)	275,36
30/06/2023 13:37	Grenoble	1242	75,35	15,86	81,07	17,07	77,9	16,4	34,2	13,15	1558	268,52
30/06/2023 13:37	Lille	2678	75,37	15,87	71,85	15,13	73,4	15,45	38,4	14,77	968	259,02
30/06/2023 13:37	Université Européenne	8524	59,95	12,62	60	12,63	61,73	13	28,2	10,85	je n'y ai pas participé	209,88
30/06/2023 13:37	Caen	7056	70,75	14,89	68,75	14,47	65,53	13,8	24,8	9,54	6935	229,83
30/06/2023 13:37	Lille	4876	71,6	15,07	69,43	14,62	70,1	14,76	35	13,46	3775	246,13
30/06/2023 13:38	Marseille	469	79,55	16,75	80,65	16,98	79,95	16,83	36,6	14,08	1252	276,75
30/06/2023 13:39	Nancy	1459	76,5	16,11	79,92	16,83	77,17	16,25	33,4	12,85	687	266,99
30/06/2023 13:39	Amiens	845	80,9	17,03	81,2	17,09	78,12	16,45	32	12,31	Pas présent en avril	272,22
30/06/2023 13:39	Bordeaux	396	83,2	17,52	80,28	16,9	84,37	17,76	30	11,54	586	277,85
30/06/2023 13:40	Brest	1171	76,8	16,17	78,65	16,56	79,9	16,82	33,8	13	2600 environ	269,15
30/06/2023 13:40	Besancon	9019	55,82	11,75	55,15	11,61	60,57	12,75	25,2	9,69	7560	196,74
30/06/2023 13:41	Montpellier	6965	67,78	14,27	63,38	13,34	70,92	14,93	28,6	11	5463	230,68
30/06/2023 13:41	Montpellier	2178	77,2	16,25	79,3	16,69	77,57	16,33	28	10,77	2053	262,07
30/06/2023 13:42	Université de paris cité	6606	69,8	14,69	60,25	12,68	69,12	14,55	34,6	13,31	Je ne sais plus autour de 6000	233,77
30/06/2023 13:42	Paris Ouest	3561	76,1	16,02	70,8	14,91	74,05	15,59	33	12,69	6204	253,95
30/06/2023 13:42	Marseille	9289	40,9	8,61	56,48	11,89	62,67	13,19	25,4	9,77	8237	185,45
30/06/2023 13:44	Aix marseille	4260	72,55	15,27	73,23	15,42	72,8	15,33	31,4	12,08	5700	249,98
30/06/2023 13:45	Lyon Est	5761	64,8	13,64	70,17	14,77	68,9	14,51	36,6	14,08	6542	240,47
30/06/2023 13:46	Rouen	5314	76,5	16,11	71,58	15,07	74,73	15,73	21,2	8,15	1214	244,01
30/06/2023 13:48	Toulouse	8023	64,7	13,62	65,07	13,7	62,63	13,19	26,4	10,15	7600	218,8
30/06/2023 13:48	Montpellier-Nîmes	5641	71,95	15,15	70,85	14,92	69,22	14,57	29,2	11,23	3400	241,22
30/06/2023 13:48	Sorbonne Université	1026	77,6	16,34	79,28	16,69	80,4	16,93	33	12,69	1156	270,28
30/06/2023 13:49	Bordeaux	2709	72,7	15,31	77,4	16,29	72,13	15,19	36,6	14,08	2595	258,83
30/06/2023 13:49	Paris XI	809	77,6	16,34	82,57	17,38	74,82	15,75	37,6	14,46	2400	272,59
30/06/2023 13:50	Aix Marseille	7339	67	14,11	69,2	14,57	64,18	13,51	26,8	10,31	6800	227,18
30/06/2023 13:50	P12	6037	64,5	13,58	74,57	15,7	66,82	14,07	32,6	12,54	6532	238,49
30/06/2023 13:51	Brest	454	85,6	18,02	83,12	17,5	75,6	15,92	32,6	12,54	227	276,92
30/06/2023 13:51	Saint-Etienne	4587	72,5	15,26	72,7	15,31	73,02	15,37	29,8	11,46	4100	248,02
30/06/2023 13:52	Grenoble	3220	80,8	17,01	71,9	15,14	71,87	15,13	31,2	12	4178	255,77
30/06/2023 13:52	Nice	6559	74,1	15,6	64,32	13,54	72,4	15,24	23,4	9	4660	234,22
30/06/2023 13:52	Aix marseille	2950	74,25	15,63	75,67	15,93	73,37	15,45	34,2	13,15	2827	257,49
30/06/2023 13:53	Nancy	2500	81	17,05	77	16,21	77	16,21	25	9,62	1900	260
30/06/2023 13:53	Amiens	3375	73,05	15,38	76,52	16,11	70,38	14,82	35	13,46	4400	254,95
30/06/2023 13:53	Strasbourg	475	82,55	17,38	73,93	15,56	81,5	17,16	38,6	14,85	350	276,58
30/06/2023 13:54	Paris 5	1660	77,2	16,25	79,15	16,66	77,13	16,24	32	12,31	892	265,48
30/06/2023 13:55	Lille	6447	67,95	14,31	71,65	15,08	69,57	14,65	26	10	Pas fait	235,17
30/06/2023 13:56	Montpellier	1205	82,4	17,35	75,72	15,94	79,7	16,78	31	11,92	2966	268,82
30/06/2023 13:56	Clermont-Ferrand	5436	64,67	13,61	71,1	14,97	73,28	15,43	33,6	12,92	5000	242,65
30/06/2023 13:57	Saint-Etienne	8113	68,55	14,43	61,7	12,99	66,27	13,95	20,6	7,92	7800	217,12
30/06/2023 14:00	Bordeaux	1151	80,6	16,97	80,55	16,96	74,43	15,67	33,8	13	1445	269,38
30/06/2023 14:01	Clermont	2453	79,05	16,64	72,87	15,34	74,85	15,76	33,6	12,92	850	260,37
30/06/2023 14:01	Fmms lille	3114	80,1	16,86	82,1	17,28	73,63	15,5	20,6	7,92	4058	256,43
30/06/2023 14:01	Sorbonne université	5956	67,85	14,28	68,88	14,5	71,7	15,09	30,6	11,77	5047	239,03
30/06/2023 14:01	Rennes	1588	79,65	16,77	79,78	16,8	78,18	16,46	28,4	10,92	2080	266,01
30/06/2023 14:02	Besançon	3140	76,25	16,05	73,83	15,54	73,98	15,57	32,2	12,38	1060	256,26
30/06/2023 14:02	Marseille	4137	70,65	14,87	74,3	15,64	72,7	15,31	33	12,69	3038	250,65
30/06/2023 14:02	Paris 7	2357	75,85	15,97	79,08	16,65	77,42	16,3	28,6	11	3500 (à +/- 50 près je ne me rappelle plus exactement) )	260,95
30/06/2023 14:03	Dijon	7902	62,63	13,19	67,82	14,28	59,28	12,48	30,8	11,85	5103	220,53
30/06/2023 14:03	Marseille	4543	74,4	15,66	75,53	15,9	72,77	15,32	25,6	9,85	4300	248,3
30/06/2023 14:05	Marseille	1006	77,85	16,39	82,7	17,41	76,3	16,06	33,6	12,92	Non réalisé	270,45
30/06/2023 14:06	Bordeaux	4745	69,1	14,55	71,85	15,13	69,22	14,57	36,8	14,15	7000	246,97
30/06/2023 14:06	Nantes	40	84,3	17,75	83,42	17,56	79,13	16,66	42,4	16,31	8	289,25
30/06/2023 14:06	Rennes	1310	77,05	16,22	77,72	16,36	78,63	16,55	34,6	13,31	3263	268
30/06/2023 14:07	Université de Paris	271	81,35	17,13	84,57	17,8	81,57	17,17	32,6	12,54	594	280,09
30/06/2023 14:08	Besançon	3613	72,35	15,23	70,83	14,91	76,73	16,15	33,8	13	3878	253,71
30/06/2023 14:08	Aix-Marseille	2209	80,75	17	76,08	16,02	75,03	15,8	30	11,54	1177	261,86
30/06/2023 14:09	UP	631	83	17,47	81,87	17,24	73,83	15,54	36	13,85	1264	274,7
30/06/2023 14:10	Grenoble	968	80	16,84	80	16,84	77,37	16,29	33,4	12,85	1529	270,77
30/06/2023 14:11	Lyon sud	4815	72,1	15,18	72,22	15,2	73,8	15,54	28,4	10,92	4911	246,52
30/06/2023 14:11	UP	7283	61,5	12,95	73,27	15,43	67,7	14,25	25,2	9,69	3532	227,67
30/06/2023 14:13	Lyon	6080	70,1	14,76	69,97	14,73	68,97	14,52	29,2	11,23	7290	238,24
30/06/2023 14:13	Université de Paris Cité	7627	63,4	13,35	67,5	14,21	67,63	14,24	25,4	9,77	6500	223,93
30/06/2023 14:15	Paris	2873	74,6	15,71	78,05	16,43	76,27	16,06	29	11,15	3516	257,92
30/06/2023 14:17	Marseille	260	80,15	16,87	85,3	17,96	79,2	16,67	35,6	13,69	138	280,25
30/06/2023 14:17	toulouse	5599	69,2	14,57	79,92	16,83	69,58	14,65	22,8	8,77	4500 par là (ne me souviens plus exactement)	241,5
30/06/2023 14:17	Lyon Sud	1523	81,3	17,12	75,98	16	76,93	16,2	32,2	12,38	409	266,41
30/06/2023 14:18	Bordeaux	4008	78,5	16,53	72,37	15,24	69,08	14,54	31,6	12,15	Non réalisé	251,55
30/06/2023 14:21	Université de Paris	7752	65,65	13,82	65,12	13,71	65,77	13,85	26	10	7405	222,54
30/06/2023 14:21	Paris Ouest	5792	63,52	13,37	72,08	15,17	74,07	15,59	30,6	11,77	6253	240,27
30/06/2023 14:24	lille 2	62	84,1	17,71	85,17	17,93	81,67	17,19	37	14,23	111	287,94
30/06/2023 14:25	Strasbourg	6503	68,45	14,41	67,02	14,11	70,67	14,88	28,6	11	5147	234,74
30/06/2023 14:25	Université de Strasbourg	6311	71,75	15,11	74,83	15,75	65,13	13,71	24,6	9,46	5438	236,31
30/06/2023 14:25	Besancon	8242	64,82	13,65	68,15	14,35	67,52	14,21	14,6	5,62	?	215,09
30/06/2023 14:25	Paris 13	3691	76,4	16,08	74,27	15,64	76,97	16,2	25,6	9,85	1319	253,24
30/06/2023 14:25	Paris 12	1461	78,2	16,46	78,23	16,47	75,73	15,94	34,8	13,38	1645	266,96
30/06/2023 14:29	Lille 2	8757	60,35	12,71	60,32	12,7	62,42	13,14	21,8	8,38	6500	204,89
30/06/2023 14:32	caen	3276	73,85	15,55	76,85	16,18	71,13	14,97	33,6	12,92	1640	255,43
30/06/2023 14:32	Nancy	2079	80,05	16,85	73,38	15,45	77,27	16,27	32	12,31	1180	262,7
30/06/2023 14:32	Étudiant UE	8672	54,9	11,56	66,1	13,92	57,9	12,19	27,8	10,69	-	206,7
30/06/2023 14:32	Tours	5076	72,2	15,2	72,88	15,34	74,43	15,67	25,4	9,77	3742	244,91
30/06/2023 14:33	Lyon Est	4960	72,85	15,34	73,97	15,57	72,22	15,2	26,6	10,23	1565	245,64
30/06/2023 14:33	Paris cité	617	78	16,42	80	16,84	79	16,63	40	15,38	886	277
30/06/2023 14:33	Paris descartes	1251	77,8	16,38	79,82	16,8	73,25	15,42	37,6	14,46	2600	268,47
30/06/2023 14:34	Paris 5	486	83,65	17,61	81,25	17,11	76,93	16,2	34,6	13,31	302	276,43
30/06/2023 14:34	Marseille	1980	81,45	17,15	72,8	15,33	78,63	16,55	33,2	12,77	1980	266,08
30/06/2023 14:35	lyon est	1136	75,65	15,93	78,07	16,44	75,98	16	39,8	15,31	3150	269,5
30/06/2023 14:35	Caen	7480	65,65	13,82	59,83	12,6	69,53	14,64	30,6	11,77	8000+ (mais pas présente aux épreuves d'avril)	225,61
30/06/2023 14:35	Bordeaux	1502	76,2	16,04	75,72	15,94	79,07	16,65	35,6	13,69	1487	266,59
30/06/2023 14:36	Sorbonne	4704	74,14	15,61	68,83	14,49	70,05	14,75	34,2	13,15	2763	247,22
30/06/2023 14:36	Rennes	936	80,6	16,97	80,38	16,92	78,73	16,57	31,4	12,08	946	271,11
30/06/2023 14:36	lorraine	8266	64,2	13,52	59,67	12,56	66,1	13,92	24,6	9,46	6900	214,57
30/06/2023 14:37	Nancy	1612	80,2	16,88	74,43	15,67	76,02	16	35,2	13,54	1058	265,85
30/06/2023 14:37	Clermont-Ferrand	5257	74,75	15,74	66,87	14,08	71,93	15,14	30,2	11,62	3020	243,75
30/06/2023 14:37	UPEC (Paris 12)	2101	78,65	16,56	77,15	16,24	76,6	16,13	30,2	11,62	2419	262,6
30/06/2023 14:37	Tours	6329	64,85	13,65	74,32	15,65	65,83	13,86	31,2	12	4555	236,2
30/06/2023 14:37	Strasbourg	3935	69,35	14,6	75,53	15,9	73,93	15,56	33,2	12,77	3851	252,01
30/06/2023 14:39	Marseille	766	83,05	17,48	76,75	16,16	78,6	16,55	34,6	13,31	1159	273
30/06/2023 14:39	Toulouse	2683	77,45	16,31	76,18	16,04	75,93	15,99	29,4	11,31	2685	258,96
30/06/2023 14:41	Strasbourg	1442	78,95	16,62	80,7	16,99	77,6	16,34	29,8	11,46	Environ 1200	267,05
30/06/2023 14:42	Paris cité	3331	74,3	15,64	79,28	16,69	73,57	15,49	28	10,77	520	255,15
30/06/2023 14:42	grenoble	1811	79,65	16,77	80,12	16,87	74,73	15,73	30	11,54	2600	264,5
30/06/2023 14:42	Rennes	228	85,4	17,98	79,62	16,76	80,57	16,96	35,4	13,62	529	280,99
30/06/2023 14:43	Toulouse	1644	80,3	16,91	75,58	15,91	75,5	15,89	34,2	13,15	920	265,58
30/06/2023 14:43	Lille	7647	69,05	14,54	67,95	14,31	67,22	14,15	19,4	7,46	6100	223,62
30/06/2023 14:44	Rennes	228	85,4	17,98	79,62	16,76	80,57	16,96	35,4	13,62	529	280,99
30/06/2023 14:44	Université Grenoble Alpes	4677	78,3	16,48	70,65	14,87	70,47	14,84	28	10,77	1944	247,42
30/06/2023 14:46	Université Paris Cité	1864	79,15	16,66	80,62	16,97	76,3	16,06	28	10,77	1907	264,07
30/06/2023 14:46	Lyon est	1056	83,8	17,64	81,68	17,2	75,4	15,87	29,2	11,23	1500	270,08
30/06/2023 14:46	Rouen	3762	73,55	15,48	76,05	16,01	74,72	15,73	28,6	11	4496	252,92
30/06/2023 14:46	Rennes	1562	74,9	15,77	74,58	15,7	77,9	16,4	38,8	14,92	2123	266,18
30/06/2023 14:47	grenoble	2867	76,1	16,02	73,95	15,57	73,72	15,52	34,2	13,15	989	257,97
30/06/2023 14:47	P12	5448	75,6	15,92	76,03	16,01	71,3	15,01	19,6	7,54	6300	242,53
30/06/2023 14:47	Strasbourg	3788	76,7	16,15	75,55	15,91	72,35	15,23	28,2	10,85	4838	252,8
30/06/2023 14:48	Nancy	7621	64,27	13,53	64,5	13,58	66,82	14,07	28,4	10,92	Dans les 6000 et qq je me souviens plus	223,99
30/06/2023 14:49	Paris XII	2896	78,67	16,56	77,33	16,28	73,98	15,57	27,8	10,69	2175	257,78
30/06/2023 14:50	Paris 12	476	78,35	16,49	75,78	15,95	82,2	17,31	40,2	15,46	1143	276,53
30/06/2023 14:50	Paris 13 Bobigny	4192	75,2	15,83	72,52	15,27	74,82	15,75	27,8	10,69	4300	250,34
30/06/2023 14:50	Sorbonne	24	83,8	17,64	83,42	17,56	79,8	16,8	43,8	16,85	450	290,82
30/06/2023 14:53	Poitiers	3721	75,95	15,99	74,27	15,64	72,68	15,3	30,2	11,62	3272	253,1
30/06/2023 14:53	Strasbourg	4074	72	15,16	73,97	15,57	68,98	14,52	36,2	13,92	5400	251,15
30/06/2023 14:54	Université paris	3986	76,2	16,04	70,13	14,76	75,18	15,83	30,2	11,62	1194	251,71
30/06/2023 14:55	Nantes	2740	74,2	15,62	77,32	16,28	73,37	15,45	33,8	13	4787	258,69
30/06/2023 14:55	Paris 13	8221	65,75	13,84	64,78	13,64	64,47	13,57	20,4	7,85	Je ne l'ai pas fait	215,4
30/06/2023 14:55	Aix Marseille	111	83,3	17,54	79,2	16,67	85,02	17,9	37,2	14,31	281	284,72
30/06/2023 14:56	Paris 13	7034	69,1	14,55	71,43	15,04	67,3	14,17	22,2	8,54	6386	230,03
30/06/2023 14:56	Grenoble	6221	70,32	14,8	76,58	16,12	66,93	14,09	23,2	8,92	6290	237,03
30/06/2023 14:57	Paris Descartes	2159	81,65	17,19	77,83	16,39	71,28	15,01	31,4	12,08	430	262,16
30/06/2023 14:58	Strasbourg	4353	72,1	15,18	71,08	14,96	74,07	15,59	32,2	12,38	5400	249,45
30/06/2023 15:00	Clermont	2069	76	16	80,08	16,86	72,27	15,21	34,4	13,23	2020	262,75
30/06/2023 15:00	Tours	3798	75,3	15,85	76,48	16,1	71,78	15,11	29,2	11,23	2400	252,76
30/06/2023 15:02	Poitiers	3062	70,45	14,83	78,18	16,46	73,52	15,48	34,6	13,31	1428	256,75
30/06/2023 15:03	Rennes 1	100	80,1	16,86	80,95	17,04	83,2	17,52	41,2	15,85	230	285,45
30/06/2023 15:03	Besançon	2733	76,5	16,11	76,13	16,03	71,1	14,97	35	13,46	3987	258,73
30/06/2023 15:03	Bordeaux	1517	80,4	16,93	76,28	16,06	76,4	16,08	33,4	12,85	1246	266,48
30/06/2023 15:06	Nantes	2549	80,4	16,93	76,35	16,07	76,13	16,03	27	10,38	3524	259,88
30/06/2023 15:06	Toulouse	6690	68,77	14,48	68,57	14,44	70,13	14,76	25,6	9,85	4990	233,07
30/06/2023 15:06	Lyon Sud	1234	79,45	16,73	77,6	16,34	79,13	16,66	32,4	12,46	1543	268,58
30/06/2023 15:07	Marseille	1852	74,95	15,78	74,52	15,69	78,02	16,43	36,6	14,08	1344	264,09
30/06/2023 15:07	Besançon	8398	64,1	13,49	69,07	14,54	64,35	13,55	14,8	5,69	7416	212,32
30/06/2023 15:08	Nantes	4089	80,6	16,97	71,57	15,07	73,87	15,55	25	9,62	1885	251,04
30/06/2023 15:09	Montpellier	8673	59,5	12,53	62,65	13,19	61,52	12,95	23	8,85	7305	206,67
30/06/2023 15:09	Lyon est	6647	66,75	14,05	73,15	15,4	68,47	14,41	25	9,62	6900	233,37
30/06/2023 15:09	Montpellier	1235	80,4	16,93	77,82	16,38	76,93	16,2	33,4	12,85	1080	268,55
30/06/2023 15:10	Montpellier	204	88,3	18,59	82	17,26	76,37	16,08	34,8	13,38	36	281,47
30/06/2023 15:10	Paris Cité	5567	68,82	14,49	69,05	14,54	70,48	14,84	33,4	12,85	5076	241,75
30/06/2023 15:10	Saint Etienne	1679	77,95	16,41	81,08	17,07	80,35	16,92	26	10	399	265,38
30/06/2023 15:11	Tours	1513	81,3	17,12	77,53	16,32	75,47	15,89	32,2	12,38	1777	266,5
30/06/2023 15:11	Bordeaux	5378	71,4	15,03	74,17	15,61	66,25	13,95	31,2	12	4800	243,02
30/06/2023 15:12	Amiens	4602	74,1	15,6	74,77	15,74	67,63	14,24	31,4	12,08	3777	247,9
30/06/2023 15:13	Rennes	3834	73,75	15,53	69,4	14,61	79,25	16,68	30,2	11,62	3579	252,6
30/06/2023 15:14	Reims	6573	71,3	15,01	68,68	14,46	66,53	14,01	27,6	10,62	5200	234,11
30/06/2023 15:15	Angers	3573	77,8	16,38	72,37	15,24	75,9	15,98	27,8	10,69	4100	253,87
30/06/2023 15:15	Dijon	746	78,65	16,56	83,23	17,52	80,4	16,93	31	11,92	910	273,28
30/06/2023 15:16	Paris Cité (ex Paris 7)	1124	81,5	17,16	79,28	16,69	75,2	15,83	33,6	12,92	277	269,58
30/06/2023 15:16	Besançon	4006	75,85	15,97	73,88	15,55	72,45	15,25	19,4	7,46	Pas participé aux 2e épreuves	241,58
30/06/2023 15:16	Paris-Saclay	1992	70,75	14,89	77,73	16,36	76,77	16,16	38	14,62	3500	263,25
30/06/2023 15:17	Lille	4884	74,8	15,75	70,22	14,78	71,87	15,13	29,2	11,23	4733	246,09
30/06/2023 15:19	Poitiers	3004	79,5	16,74	71,68	15,09	75,35	15,86	30,6	11,77	3837	257,13
30/06/2023 15:19	Nancy	2826	76,81	16,17	71,63	15,08	73,1	15,39	36,6	14,08	2120	258,14
30/06/2023 15:20	Reims	1110	76,35	16,07	78,38	16,5	76,17	16,04	38,8	14,92	1800	269,7
30/06/2023 15:20	Lyon Sud	551	81,25	17,11	82,03	17,27	78,83	16,6	33,6	12,92	2400 environ	275,71
30/06/2023 15:20	Toulouse	4835	73	15,37	72,33	15,23	72,27	15,21	28,8	11,08	2833	246,4
30/06/2023 15:21	Nantes	952	84,85	17,86	76,78	16,16	76,9	16,19	32,4	12,46	1221	270,93
30/06/2023 15:21	Limoges	6667	68,75	14,47	70,22	14,78	69,87	14,71	24,4	9,38	5153	233,24
30/06/2023 15:22	Amiens	8619	57,95	12,2	59,78	12,59	62,62	13,18	27,4	10,54	6879	207,75
30/06/2023 15:22	Nice	2690	78,75	16,58	78,98	16,63	74,4	15,66	26,8	10,31	1545	258,93
30/06/2023 15:24	Lille	1013	78,5	16,53	74,65	15,72	79,43	16,72	37,8	14,54	1768	270,38
30/06/2023 15:25	Tours	7203	67,35	14,18	65,85	13,86	68,8	14,48	26,4	10,15	4709	228,4
30/06/2023 15:25	Montpellier	3553	75,05	15,8	72,68	15,3	72,05	15,17	34,2	13,15	Je ne sais pas	253,98
30/06/2023 15:25	Lyon sud	73	81,25	17,11	88,12	18,55	79,7	16,78	38	14,62	4190 (pas fait la LCA)	287,07
30/06/2023 15:26	Franche Comté	3219	73,3	15,43	79,75	16,79	75,33	15,86	27,4	10,54	2839	255,78
30/06/2023 15:26	Lyon est	5797	71,9	15,14	69,55	14,64	72,13	15,19	26,6	10,23	4050	240,18
30/06/2023 15:28	Lille Catho	5631	69,92	14,72	72,93	15,35	70,23	14,79	28,2	10,85	4961	241,28
30/06/2023 15:30	Université Paris cité (ex-P7)	4920	72,65	15,29	75,4	15,87	70,8	14,91	27	10,38	4023	245,85
30/06/2023 15:32	Toulouse	5015	66,7	14,04	79,03	16,64	69,78	14,69	29,8	11,46	6650	245,31
30/06/2023 15:34	Sorbonne université	162	83,5	17,58	81,38	17,13	77,37	16,29	40,4	15,54	447	282,65
30/06/2023 15:34	Sorbonne	3380	73,9	15,56	74,4	15,66	78,82	16,59	27,8	10,69	5555	254,92
30/06/2023 15:34	Université de Paris	4237	73,1	15,39	73,93	15,56	72,47	15,26	30,6	11,77	5560	250,1
30/06/2023 15:35	Rouen	356	79,75	16,79	81,73	17,21	76,03	16,01	41,2	15,85	412	278,71
30/06/2023 15:36	Marseille	1568	77,95	16,41	74,92	15,77	75,88	15,97	37,4	14,38	2300	266,15
30/06/2023 15:36	Caen	6290	70,8	14,91	69,92	14,72	74,77	15,74	21	8,08	5600	236,49
30/06/2023 15:37	Lyon Est	1045	80,3	16,91	79,53	16,74	79,12	16,66	31,2	12	215	270,15
30/06/2023 15:38	Nantes	1550	78,65	16,56	76,53	16,11	78,3	16,48	32,8	12,62	619	266,28
30/06/2023 15:38	Université paris cité	5502	71,25	15	68,53	14,43	71,37	15,03	31	11,92	-	242,15
30/06/2023 15:40	P5	554	84,6	17,81	81,83	17,23	76,65	16,14	32,6	12,54	725	275,68
30/06/2023 15:43	SU	290	79,9	16,82	80	16,84	83,75	17,63	36,2	13,92	550	279,85
30/06/2023 15:45	Nantes	5874	67,47	14,2	73,73	15,52	69,68	14,67	28,8	11,08	4622	239,68
30/06/2023 15:46	Paris 12	3869	69,4	14,61	72,27	15,21	71,53	15,06	39,2	15,08	4166	252,4
30/06/2023 15:47	Tours	5488	66,25	13,95	72,22	15,2	74	15,58	29,8	11,46	4969	242,27
30/06/2023 15:49	Paris 13	6176	66,92	14,09	71,45	15,04	68,33	14,39	30,8	11,85	4993	237,5
30/06/2023 15:49	Caen	2014	81,8	17,22	75,02	15,79	76,3	16,06	30	11,54	2630	263,12
30/06/2023 15:54	Nice	4760	69,2	14,57	71,95	15,15	69,5	14,63	36,2	13,92	8665	246,85
30/06/2023 15:55	Lyon est	3970	78,65	16,56	73,48	15,47	72,07	15,17	27,6	10,62	3080	251,8
30/06/2023 15:56	Paris Descartes	4373	68,95	14,52	74,85	15,76	76,57	16,12	29	11,15	4200	249,37
30/06/2023 15:56	Tours	6233	73,75	15,53	68,33	14,39	72,65	15,29	22,2	8,54	Je sais pas	236,93
30/06/2023 15:57	Besancon	5921	70,85	14,92	74,75	15,74	69,67	14,67	24	9,23	5903	239,27
30/06/2023 15:58	Reims	4559	70,72	14,89	75,28	15,85	74,22	15,63	28	10,77	4256	248,22
30/06/2023 15:58	Paris Cité	424	83,6	17,6	78,53	16,53	76,63	16,13	38,6	14,85	2585	277,36
30/06/2023 15:59	Université de Paris	4297	71,6	15,07	70,85	14,92	74,1	15,6	33,2	12,77	3700	249,75
30/06/2023 16:00	Marseille	5152	70,65	14,87	69,78	14,69	73,4	15,45	30,6	11,77	3008	244,43
30/06/2023 16:03	Nice	887	83,25	17,53	79	16,63	77,52	16,32	33	12,69	1909	272,77
30/06/2023 16:04	Nice	726	79,55	16,75	80,32	16,91	77,48	16,31	36,2	13,92	935	273,55
30/06/2023 16:04	Université Paris Cité (ex-P5)	2463	72,45	15,25	78,83	16,6	71,37	15,03	37,8	14,54	1957	260,45
30/06/2023 16:04	Lyon sud	2461	74,25	15,63	79,02	16,64	76,28	16,06	30,8	11,85	4231	260,35
30/06/2023 16:05	Créteil	1307	79,2	16,67	79,42	16,72	76,6	16,13	32,8	12,62	1700	268,02
30/06/2023 16:07	Sorbonne Université	2020	76,7	16,15	75,78	15,95	75,97	15,99	34,6	13,31	996	263,05
30/06/2023 16:10	Reims	6669	66,85	14,07	69,83	14,7	71,33	15,02	25,2	9,69	2500	233,21
30/06/2023 16:13	Strasbourg	7613	61,82	13,01	65,63	13,82	65,88	13,87	30,8	11,85	5554	224,13
30/06/2023 16:15	Toulouse	6321	66,75	14,05	67,3	14,17	69,02	14,53	33,2	12,77	Dans les 3400	236,27
30/06/2023 16:16	Toulouse	1203	78,7	16,57	80,35	16,92	75,6	15,92	34,2	13,15	2356	268,85
30/06/2023 16:17	Marseille	201	82,65	17,4	81,82	17,23	78,47	16,52	38,6	14,85	1056	281,54
30/06/2023 16:19	Rennes	890	82,25	17,32	79,7	16,78	75,15	15,82	34,6	13,31	2800	271,7
30/06/2023 16:21	Paris	2960	78,2	16,46	72,28	15,22	75,97	15,99	31	11,92	4200	257,45
30/06/2023 16:24	Lyon Est	439	78,75	16,58	79,58	16,75	80,27	16,9	38,6	14,85	333	277,2
30/06/2023 16:25	Paris saclay	121	84,25	17,74	82,7	17,41	81,07	17,07	36,2	13,92	301	284,22
30/06/2023 16:26	Paris Saclay	1482	77,7	16,36	78,7	16,57	73,93	15,56	36,4	14	3651	266,73
30/06/2023 16:26	lyon sud	130	84,5	17,79	82,3	17,33	79,1	16,65	38	14,62	46	283,9
30/06/2023 16:28	Caen	6752	69,75	14,68	66,55	14,01	69,13	14,55	27	10,38	Environ 6800	232,43
30/06/2023 16:32	Caen	45	90	18,95	86	18,11	78	16,42	35	13,46	300	289
30/06/2023 16:32	Nice	3985	74,75	15,74	74,37	15,66	76,02	16	26,6	10,23	4000	251,74
30/06/2023 16:32	Amiens	1957	76,4	16,08	75,7	15,94	75,55	15,91	35,8	13,77	5303	263,45
30/06/2023 16:33	Lyon sud	1975	77,15	16,24	75,67	15,93	74,95	15,78	35,6	13,69	3626	263,37
30/06/2023 16:35	Poitiers	3466	71,72	15,1	72,02	15,16	76,43	16,09	34,2	13,15	4012	254,37
30/06/2023 16:35	Limoges	899	79,5	16,74	77,8	16,38	77,67	16,35	36,6	14,08	3292	271,57
30/06/2023 16:36	Lille 2	8399	64,4	13,56	62,82	13,23	64,68	13,62	20,4	7,85	7040	212,3
30/06/2023 16:40	Amiens	3952	72,7	15,31	75,05	15,8	74,37	15,66	29,8	11,46	2226	251,92
30/06/2023 16:47	Paris 12	4686	70,65	14,87	73,53	15,48	70,58	14,86	32,4	12,46	5000	247,16
30/06/2023 16:49	Angers	131	82,5	17,37	84,62	17,81	80,57	16,96	36,2	13,92	195	283,89
30/06/2023 16:49	Poitiers	7089	69,27	14,58	67,2	14,15	65,45	13,78	27,6	10,62	4880	229,52
30/06/2023 16:53	Montpellier	210	79,5	16,74	86,13	18,13	76,95	16,2	38,8	14,92	375	281,38
30/06/2023 16:54	Aix-Marseille	6435	69,85	14,71	73,85	15,55	65,27	13,74	26,4	10,15	4685	235,37
30/06/2023 16:57	Paris cité	5671	78,25	16,47	73,83	15,54	63,9	13,45	25	9,62	8000	240,98
30/06/2023 16:59	Strasbourg	3666	72,4	15,24	78,42	16,51	70,15	14,77	32,4	12,46	1693	253,37
30/06/2023 17:07	Nantes	8014	67,85	14,28	69,83	14,7	64,68	13,62	17	6,54	7190	219,36
30/06/2023 17:07	Toulouse	6664	65,2	13,73	74,95	15,78	68,7	14,46	24,4	9,38	5473	233,25
30/06/2023 17:12	Nantes	494	81,05	17,06	80,7	16,99	78,63	16,55	36	13,85	127	276,38
30/06/2023 17:14	Strasbourg	5155	74,5	15,68	66,43	13,99	72,48	15,26	31	11,92	6398	244,41
30/06/2023 17:15	Nancy	6905	59,15	12,45	73,97	15,57	73,6	15,49	24,4	9,38	5252	231,12
30/06/2023 17:15	Lyon Est	1374	74,3	15,64	77,63	16,34	77,57	16,33	38	14,62	2014	267,5
30/06/2023 17:20	Etranger	9664	43,15	9,08	40,37	8,5	38,47	8,1	14	5,38	9377	135,99
30/06/2023 17:23	Bordeaux	1378	79,7	16,78	75,95	15,99	76,42	16,09	35,4	13,62	3311	267,47
30/06/2023 17:24	Toulouse	805	78,3	16,48	81,77	17,21	81,53	17,16	31	11,92	1300	272,6
30/06/2023 17:29	Poitiers	7207	76,85	16,18	68,93	14,51	67,97	14,31	14,6	5,62	5307	228,35
30/06/2023 17:30	Grenoble	199	79,85	16,81	85,78	18,06	82,77	17,43	33,2	12,77	607	281,6
30/06/2023 17:30	Paris Diderot	1294	82,25	17,32	81,8	17,22	72,23	15,21	31,8	12,23	3116	268,08
30/06/2023 17:37	Nantes	3228	77,47	16,31	76,62	16,13	77,42	16,3	24,2	9,31	3164	255,71
30/06/2023 17:37	Lille	274	85,25	17,95	85,08	17,91	76,3	16,06	33,4	12,85	131	280,03
30/06/2023 17:39	Montpellier	103	86,5	18,21	84,33	17,75	82,1	17,28	32,2	12,38	73	285,13
30/06/2023 17:41	Lorraine	4152	71,45	15,04	69,68	14,67	73,03	15,37	36,4	14	3820	250,56
30/06/2023 17:46	Lyon Sud	1452	80,05	16,85	75,48	15,89	76,87	16,18	34,6	13,31	2300 environs	267
30/06/2023 17:49	Sorbonne	4273	73,05	15,38	70,38	14,82	73,27	15,43	33,2	12,77	2200	249,9
30/06/2023 17:49	Brest	4645	75,85	15,97	74,93	15,77	65,63	13,82	31,2	12	2061	247,61
30/06/2023 17:49	Paris 12	21	83,85	17,65	81,03	17,06	86,5	18,21	39,6	15,23	409	290,98
30/06/2023 17:50	Université de Lorraine	1483	75,95	15,99	80,8	17,01	75,78	15,95	34,2	13,15	1937	266,73
30/06/2023 17:52	Lille	6831	70	14,74	66,35	13,97	62,78	13,22	32,6	12,54	3500	231,73
30/06/2023 17:56	Strasbourg	4466	73,65	15,51	67,37	14,18	75,97	15,99	31,8	12,23	3340	248,79
30/06/2023 17:59	UMF	3471	74,25	15,63	73,52	15,48	69,77	14,69	36,8	14,15	4453	254,34
30/06/2023 17:59	Toulouse	3976	68,55	14,43	71,33	15,02	77,7	16,36	34,2	13,15	3725	251,78
30/06/2023 17:59	Montpellier	236	81	17,05	78,37	16,5	79	16,63	42,4	16,31	2836 avec 0 et en LCA autour de 100 après avoir fait la LCA de mon côté et regarder des fichiers Excel	280,77
30/06/2023 18:09	Université de Paris	513	77,95	16,41	80,33	16,91	79,68	16,77	38,2	14,69	1123	276,16
30/06/2023 18:13	Strasbourg	1970	75,05	15,8	76,6	16,13	73,73	15,52	38	14,62	Environ 2750	263,38
30/06/2023 18:20	P13	2829	76,7	16,15	75,23	15,84	78	16,42	28,2	10,85	2221	258,13
30/06/2023 18:21	Paris Ouest	3651	68,4	14,4	73,08	15,39	76,77	16,16	35,2	13,54	4790	253,45
30/06/2023 18:23	Paris cité	5172	73,75	15,53	75,3	15,85	66,05	13,91	29,2	11,23	5046	244,3
30/06/2023 18:26	Amiens	7233	66,22	13,94	67,9	14,29	63,03	13,27	31	11,92	5804	228,15
30/06/2023 18:29	Paris Ouest	4319	68,8	14,48	76,17	16,04	70,08	14,75	34,6	13,31	2885	249,65
30/06/2023 18:37	Montpellier	6745	64	13,47	75,72	15,94	67,07	14,12	25,8	9,92	4991	232,59
30/06/2023 18:37	Paris 7	1545	77,7	16,36	77,75	16,37	73,67	15,51	37,2	14,31	Pas participé	266,32
30/06/2023 18:54	Nancy (Lorraine)	212	78,1	16,44	83,97	17,68	83,57	17,59	35,6	13,69	52	281,24
30/06/2023 18:55	Besançon	106	80	16,84	88,92	18,72	80,03	16,85	36	13,85	105	284,95
30/06/2023 18:57	Lille 2	1145	79,1	16,65	79,2	16,67	76,55	16,12	34,6	13,31	178	269,45
30/06/2023 19:01	Reims	3914	76,95	16,2	72,75	15,32	68,82	14,49	33,6	12,92	4880	252,12
30/06/2023 19:01	Lyon Est	2666	66,75	14,05	74,7	15,73	72,63	15,29	45	17,31	3669	259,08
30/06/2023 19:02	Lyon est	4034	69,1	14,55	75,07	15,8	75,63	15,92	31,6	12,15	2750	251,4
30/06/2023 19:07	Strasbourg	2860	70,75	14,89	77,07	16,23	72,58	15,28	37,6	14,46	1339	258
30/06/2023 19:12	POITIERS	9046	53,92	11,35	59,78	12,59	61,72	12,99	20,8	8	7506	196,22
30/06/2023 19:12	Nantes	1557	76,35	16,07	74,42	15,67	77,83	16,39	37,6	14,46	2657	266,2
30/06/2023 19:15	Nantes	1909	81,2	17,09	75,97	15,99	77	16,21	29,6	11,38	2017	263,77
30/06/2023 19:17	Aix-marseille	4781	73,3	15,43	67,92	14,3	78,5	16,53	27	10,38	3000	246,72
30/06/2023 19:25	Paris 7 diderot (UP)	1217	79,95	16,83	80,47	16,94	72,53	15,27	35,8	13,77	2323	268,75
30/06/2023 19:25	Aix-marseille	66	87,35	18,39	83,08	17,49	75,73	15,94	41,4	15,92	21	287,56
30/06/2023 19:26	Lyon est	1184	77,45	16,31	80,28	16,9	78,1	16,44	35,2	13,54	2240	271,03
30/06/2023 19:26	Paris descartes	3950	76,2	16,04	73,73	15,52	74,38	15,66	27,6	10,62	2555	251,91
30/06/2023 19:26	Nantes	2905	73,05	15,38	78	16,42	74,68	15,72	32	12,31	3753	257,73
30/06/2023 19:27	Paris Descartes	3950	76,2	16,04	73,73	15,52	74,38	15,66	27,6	10,62	2555	251,91
30/06/2023 19:29	Nantes	1910	79,6	16,76	77,72	16,36	80,45	16,94	26	10	2090	263,77
30/06/2023 19:35	Paris saclay	1233	75,95	15,99	82,32	17,33	75,53	15,9	34,8	13,38	1750	268,6
30/06/2023 19:37	Grenoble	578	78,75	16,58	82,73	17,42	74,4	15,66	39,6	15,23	662	275,48
30/06/2023 19:41	Paris XIII	168	85,2	17,94	79,62	16,76	82,27	17,32	35,4	13,62	432	282,49
30/06/2023 19:44	Bordeaux	6627	67,4	14,19	73,93	15,56	69,03	14,53	23,2	8,92	6800	233,56
30/06/2023 19:46	Toulouse	1745	74,7	15,73	79,38	16,71	78,73	16,57	32,2	12,38	1393	265,01
30/06/2023 19:55	Reims	1393	77,25	16,26	80,57	16,96	76,53	16,11	33	12,69	2300	267,35
30/06/2023 19:58	Limoges	5375	76,65	16,14	71,22	14,99	63,15	13,29	32	12,31	5531	243,02
30/06/2023 20:39	Lyon sud	3937	75,1	15,81	74,12	15,6	73,18	15,41	29,6	11,38	6232	252
30/06/2023 20:46	Sorbonne	1948	78	16,42	79,22	16,68	73,9	15,56	32,4	12,46	1472	263,52
30/06/2023 20:58	Dijon	2150	78	16,42	79	16,63	78	16,42	29	11,15	1050	264
30/06/2023 21:04	Grenoble	303	83,1	17,49	79,68	16,77	78,65	16,56	38,2	14,69	148	279,63
30/06/2023 21:07	Besançon	2264	74,7	15,73	74,35	15,65	76,3	16,06	36,2	13,92	2271	261,55
30/06/2023 21:08	Paris Descartes	985	79,05	16,64	82,95	17,46	76,43	16,09	32,2	12,38	908	270,63
30/06/2023 21:16	Dijon	8649	56,27	11,85	59,95	12,62	66,87	14,08	24	9,23	7441	207,09
30/06/2023 21:25	aix-marseille université	2695	72,6	15,28	79,65	16,77	72,27	15,21	34,4	13,23	784	258,92
30/06/2023 21:32	Amiens	6041	70,95	14,94	67,85	14,28	71,65	15,08	28	10,77	4200 et quelques	238,45
30/06/2023 21:48	Tours	9581	35,07	7,38	44,24	9,31	51,7	10,88	26,4	10,15	8000	157,41
30/06/2023 21:57	Paris	618	80	16,84	78,73	16,57	78,48	16,52	37,6	14,46	897	274,81
30/06/2023 22:09	Toulouse	2933	78,45	16,52	79,65	16,77	73,07	15,38	26,4	10,15	3834	257,57
30/06/2023 22:22	Bordeaux	1153	77,95	16,41	77,48	16,31	78,73	16,57	35,2	13,54	1033	269,36
30/06/2023 22:27	Lyon sud	1936	72,5	15,26	76,52	16,11	79,6	16,76	35	13,46	1168	263,62
30/06/2023 22:31	Tours	904	79,9	16,82	80,9	17,03	75,1	15,81	35,6	13,69	1400	271,5
30/06/2023 22:34	Toulouse	5175	73,1	15,39	67,67	14,25	75,52	15,9	28	10,77	5217	244,29
30/06/2023 22:40	Limoges	1528	75,8	15,96	76,97	16,2	75,05	15,8	38,6	14,85	762	266,42
30/06/2023 22:48	Montpellier	1908	77	16,21	78,47	16,52	77,72	16,36	30,6	11,77	Non fait	263,79
30/06/2023 22:52	Aix Marseille	401	82,6	17,39	81,95	17,25	76,43	16,09	36,8	14,15	1200	277,78
30/06/2023 22:54	Créteil	2952	81,05	17,06	73,22	15,41	72,4	15,24	30,8	11,85	2950	257,47
30/06/2023 22:59	Montpellier-Nîmes	1397	77,35	16,28	75,68	15,93	77,7	16,36	36,6	14,08	2860	267,33
30/06/2023 23:15	UT3 paul sabatier	661	82,3	17,33	74,9	15,77	78,77	16,58	38,4	14,77	638	274,37
30/06/2023 23:20	Rouen	6304	66,15	13,93	77,82	16,38	62,2	13,09	30,2	11,62	9411	236,37
30/06/2023 23:25	Reims	2017	77,1	16,23	80,55	16,96	71,22	14,99	34,2	13,15	1000	263,07
30/06/2023 23:40	Sorbonne Université	348	81,1	17,07	81,45	17,15	76,5	16,11	39,8	15,31	671	278,85
30/06/2023 23:42	Besançon	2543	79,75	16,79	76,75	16,16	70,23	14,79	33,2	12,77	3300	259,93
01/07/2023 00:02	Université de Paris ex P7	2214	75,25	15,84	79,68	16,77	72,9	15,35	34	13,08	2718	261,83
01/07/2023 00:03	Reims	5397	72,05	15,17	70,4	14,82	69,25	14,58	31,2	12	6448	242,9
01/07/2023 00:10	Grenoble	8	87,6	18,44	85,87	18,08	82,5	17,37	38,6	14,85	94	294,57
01/07/2023 00:14	Lyon Sud	6187	67,75	14,26	67,65	14,24	74,62	15,71	27,42	10,55	4266	237,44
01/07/2023 00:19	Aix-Marseille	7179	71,75	15,11	69,45	14,62	62,03	13,06	25,4	9,77	5100	228,63
01/07/2023 00:22	Angers	750	80,5	16,95	74,48	15,68	77	16,21	41,2	15,85	2666	273,18
01/07/2023 00:28	Rouen	894	80	16,84	77,92	16,4	77,13	16,24	36,6	14,08	3660	271,65
01/07/2023 00:43	Sorbonne Université	36	80,6	16,97	85,15	17,93	83,9	17,66	40,2	15,46	95	289,85
01/07/2023 00:45	Lille catho	1121	83,8	17,64	78,47	16,52	75,53	15,9	31,8	12,23	1289	269,6
01/07/2023 01:32	Lyon sud	2957	74,9	15,77	81,92	17,25	72,65	15,29	28	10,77	780	257,47
01/07/2023 01:55	Paris V	4055	76,75	16,16	71,78	15,11	69,33	14,6	33,4	12,85	3531	251,26
01/07/2023 01:58	Poitiers	1172	81,95	17,25	78,75	16,58	75,63	15,92	32,8	12,62	1550	269,13
01/07/2023 02:16	Toulouse	535	81,8	17,22	81,57	17,17	82,73	17,42	29,8	11,46	2321	275,9
01/07/2023 02:45	Strasbourg	3127	77,4	16,29	72,12	15,18	72,25	15,21	34,6	13,31	5008	256,37
01/07/2023 02:59	Sainté	7789	71,15	14,98	66,37	13,97	67,92	14,3	16,6	6,38	6600	222,04
01/07/2023 03:13	Marseille	1652	74,52	15,69	78,37	16,5	73,85	15,55	38,8	14,92	2114	265,54
01/07/2023 06:06	Lyon est	7013	68,05	14,33	68,05	14,33	67,93	14,3	26,2	10,08	5753	230,23
01/07/2023 06:07	Grenoble	2082	76,6	16,13	80,55	16,96	74,93	15,77	30,6	11,77	1365	262,68
01/07/2023 07:27	Paris 13	971	79,8	16,8	78,22	16,47	75,73	15,94	37	14,23	620	270,75
01/07/2023 07:33	Tours	4198	74,75	15,74	70,35	14,81	75	15,79	30,2	11,62	5200	250,3
01/07/2023 07:55	Lille	5044	71,25	15	70,83	14,91	72,8	15,33	30,2	11,62	2530	245,08
01/07/2023 08:09	Nancy	1466	77,8	16,38	78,68	16,56	79,03	16,64	31,4	12,08	2477	266,91
01/07/2023 08:39	Caen	3396	78,55	16,54	70,28	14,8	78,73	16,57	27,2	10,46	2610	254,76
01/07/2023 08:46	Marseille	13	85,7	18,04	85,67	18,04	83,83	17,65	37,8	14,54	242	293
01/07/2023 08:47	Lille	720	81,35	17,13	77,07	16,23	77,02	16,21	38,2	14,69	811	273,64
01/07/2023 08:55	Nantes	1855	77,75	16,37	78,15	16,45	77,4	16,29	30,8	11,85	3111	264,1
01/07/2023 08:59	Lyon Est	6420	68,5	14,42	64,18	13,51	68,15	14,35	34,6	13,31	J'ai pas fait la 2nde partie	235,43
01/07/2023 09:04	Tours	4509	69,9	14,72	72,12	15,18	71,67	15,09	34,8	13,38	6224	248,49
01/07/2023 09:19	Marseille	2210	80,35	16,92	76,73	16,15	73,17	15,4	31,6	12,15	341	261,85
01/07/2023 09:19	Rouen	4983	68,25	14,37	74,85	15,76	68,7	14,46	33,6	12,92	4341	245,4
01/07/2023 09:19	Toulouse	37	82,1	17,28	84,02	17,69	82,8	17,43	40,8	15,69	83	289,72
01/07/2023 09:24	Bordeaux	3377	73,15	15,4	72,52	15,27	74,67	15,72	34,6	13,31	J’ai pas fait la LCA	254,94
01/07/2023 09:29	Strasbourg	5742	71,42	15,04	69,25	14,58	71,87	15,13	28	10,77	4800	240,54
01/07/2023 09:31	Lyon sud	6945	66,7	14,04	70,05	14,75	68,72	14,47	25,4	9,77	5065	230,87
01/07/2023 09:32	Dijon	6313	66,15	13,93	73,5	15,47	70,67	14,88	26	10	6700	236,32
01/07/2023 09:48	Poitiers	4735	77,55	16,33	72,8	15,33	72,5	15,26	24,2	9,31	4658	247,05
01/07/2023 09:52	Rennes	707	82,05	17,27	79,75	16,79	77,57	16,33	34,4	13,23	3389	273,77
01/07/2023 10:12	Montpellier	2	86,4	18,19	89,85	18,92	78,43	16,51	45,4	17,46	1	300,08
01/07/2023 10:19	Reims	6340	65,65	13,82	75,25	15,84	70,03	14,74	25,2	9,69	6321	236,13
01/07/2023 10:23	Angers	7971	65,2	13,73	62,33	13,12	63,07	13,28	29	11,15	7200	219,6
01/07/2023 10:25	Nice	3402	77,4	16,29	75,18	15,83	69,37	14,6	32,8	12,62	2450	254,75
01/07/2023 10:29	Limoges	4812	73,25	15,42	72,98	15,36	73,5	15,47	26,8	10,31	5100	246,53
01/07/2023 10:38	Strasbourg	4498	74,4	15,66	69,62	14,66	77,33	16,28	27,2	10,46	2406	248,55
01/07/2023 10:43	Strasbourg	8591	53,3	11,22	71,05	14,96	59,4	12,51	24,8	9,54	8329	208,55
01/07/2023 10:55	poitiers	6870	69,2	14,57	65	13,68	72,47	15,26	24,8	9,54	5200	231,47
01/07/2023 10:55	Dijon	3791	72,85	15,34	78	16,42	72,95	15,36	29	11,15	2405	252,8
01/07/2023 10:56	Amiens	3390	75,45	15,88	76,22	16,05	76,57	16,12	26,6	10,23	2880	254,84
01/07/2023 11:15	Toulouse	7829	63,5	13,37	65,57	13,8	69,38	14,61	23	8,85	6222	221,45
01/07/2023 11:28	Tours	4180	74	15,58	72,37	15,24	77,02	16,21	27	10,38	5500	250,39
01/07/2023 11:32	Poutiers	5743	70,89	14,92	66,82	14,07	73,32	15,44	29,6	11,38	5500	240,63
01/07/2023 11:45	Paris-Cité	925	79,65	16,77	79,93	16,83	73,25	15,42	38,4	14,77	1400	271,23
01/07/2023 11:49	Toulouse	5188	68,35	14,39	71,18	14,99	73,7	15,52	31	11,92	5380	244,23
01/07/2023 11:56	Toulouse	579	81,95	17,25	81,67	17,19	76,65	16,14	35,2	13,54	330	275,47
01/07/2023 11:58	Nancy	6046	66,6	14,02	75,77	15,95	68,05	14,33	28	10,77	2816	238,42
01/07/2023 12:16	Brest	3000	74,15	15,61	75	15,79	79,43	16,72	28,6	11	2948	257,18
01/07/2023 12:16	Lyon est	6390	61,07	12,86	73,3	15,43	68,88	14,5	32,4	12,46	5255	235,65
01/07/2023 12:19	Université Paris cité	4222	75	15,79	75,08	15,81	70,28	14,8	29,8	11,46	2500	250,16
01/07/2023 12:23	Lille	4053	76,95	16,2	73,1	15,39	68,43	14,41	32,8	12,62	3860	251,28
01/07/2023 12:39	Nice	2980	72,15	15,19	75,83	15,96	72,6	15,28	36,8	14,15	3140	257,38
01/07/2023 12:43	Paris 6	489	81,4	17,14	83,42	17,56	74,4	15,66	37,2	14,31	86	276,42
01/07/2023 12:46	Lyon Est	2244	79,05	16,64	77,2	16,25	73,78	15,53	32	12,31	4028	262,03
01/07/2023 12:49	Nice	7452	66,9	14,08	66,18	13,93	64,83	13,65	28	10,77	3839	225,91
01/07/2023 12:54	Brest	3386	73,75	15,53	77,48	16,31	71,03	14,95	32,6	12,54	2253	254,86
01/07/2023 13:02	Reims	962	79	16,63	81,03	17,06	77,18	16,25	33,6	12,92	1695	270,81
01/07/2023 13:09	P5	9020	58	12,21	62,32	13,12	61,63	12,97	15	5,77	8450	196,95
01/07/2023 13:22	Poitiers	3191	78,6	16,55	70,53	14,85	74,37	15,66	32,4	12,46	2943	255,9
01/07/2023 13:44	Marseille	9004	54,42	11,46	57,23	12,05	61,23	12,89	24,6	9,46	7462	197,48
01/07/2023 13:54	Marseille	964	81,8	17,22	79,7	16,78	71,5	15,05	37,8	14,54	3299	270,8
01/07/2023 14:22	Tours	532	80,7	16,99	81,97	17,26	79,12	16,66	34,2	13,15	454	275,99
01/07/2023 14:28	Limoges	2605	72,85	15,34	78,32	16,49	75,15	15,82	33,2	12,77	2875	259,52
01/07/2023 14:51	Lyon Sud	807	79,55	16,75	80,27	16,9	77,97	16,41	34,8	13,38	731	272,59
01/07/2023 15:39	Lyon Est	2193	81,65	17,19	78,02	16,43	73,12	15,39	29,2	11,23	2006	261,99
01/07/2023 15:42	Clermont	4244	72,2	15,2	73,72	15,52	71,93	15,14	32,2	12,38	5900	250,05
01/07/2023 15:51	Marseille	4078	70,61	14,87	72,13	15,19	74,6	15,71	33,8	13	3706	251,14
01/07/2023 16:10	Lyon sud	6178	68	14,32	67,57	14,23	73,52	15,48	28	10,77	8900	237,09
01/07/2023 16:12	Limoges	7358	66,8	14,06	68,82	14,49	66	13,89	25,4	9,77	5886	227,02
01/07/2023 16:28	Lille	3069	74,9	15,77	74,48	15,68	76,9	16,19	30,4	11,69	2900	256,68
01/07/2023 16:36	Saint Etienne	7929	59,8	12,59	63,9	13,45	68,57	14,44	28	10,77	5900	220,27
01/07/2023 16:40	Toulouse	7036	61,17	12,88	72,4	15,24	69,67	14,67	26,8	10,31	non fait	230,04
01/07/2023 17:12	P12	1204	78,3	16,48	80,82	17,01	77,93	16,41	31,8	12,23	1501	268,85
01/07/2023 17:45	Lyon Sud	721	81,2	17,09	79,23	16,68	75,4	15,87	37,8	14,54	2695	273,63
01/07/2023 17:46	UPC (ex Paris 7 Diderot)	6514	70	14,74	70,37	14,81	67,07	14,12	27,2	10,46	environ 4000	234,64
01/07/2023 18:05	Lille	933	75,55	15,91	77,42	16,3	76,82	16,17	41,4	15,92	3300	271,19
01/07/2023 18:06	Poitiers	505	75,95	15,99	83,33	17,54	80,77	17	36,2	13,92	156	276,25
01/07/2023 18:11	Clermont Ferrand	4047	68,5	14,42	76,83	16,17	74,4	15,66	31,6	12,15	4484	251,33
01/07/2023 18:28	Aix-Marseille	6785	65,7	13,83	66,37	13,97	67,08	14,12	33	12,69	Non fait	232,15
01/07/2023 18:45	Rouen	262	80,7	16,99	79,2	16,67	78,9	16,61	41,4	15,92	429	280,2
01/07/2023 19:23	Sorbonne Université	312	81,7	17,2	78,78	16,59	76,73	16,15	42,2	16,23	113	279,41
01/07/2023 19:50	Tours	4051	69,5	14,63	74,98	15,79	76,02	16	30,8	11,85	3976	251,3
01/07/2023 20:05	Poitiers	4080	73,6	15,49	75,23	15,84	75,28	15,85	27	10,38	3670	251,11
01/07/2023 20:06	lyon sud	311	84,95	17,88	79,17	16,67	79,7	16,78	35,6	13,69	1545	279,42
01/07/2023 21:07	Nantes	1177	78,85	16,6	78,27	16,48	76,17	16,04	35,8	13,77	1674	269,09
01/07/2023 21:52	Tours	3546	71,1	14,97	75,78	15,95	73,73	15,52	33,4	12,85	4000	254,01
01/07/2023 23:02	Angers	7820	69,5	14,63	67,67	14,25	63,9	13,45	20,6	7,92	6900	221,67
01/07/2023 23:02	Amiens	6387	64,4	13,56	70,13	14,76	77,55	16,33	23,6	9,08	3791	235,68
01/07/2023 23:54	P12	323	81,75	17,21	80,83	17,02	78,87	16,6	37,8	14,54	986	279,25
02/07/2023 00:30	Paris 7	6162	70,1	14,76	75,18	15,83	64,75	13,63	27,6	10,62	4525	237,63
02/07/2023 00:51	Strasbourg	8559	57,8	12,17	61,28	12,9	58,95	12,41	31,2	12	N	209,23
02/07/2023 06:38	P11	6456	68,2	14,36	71,45	15,04	68,27	14,37	27,2	10,46	5901	235,12
02/07/2023 09:50	Marseille	835	83,35	17,55	76,52	16,11	76,87	16,18	35,6	13,69	823	272,34
02/07/2023 10:31	Bordeaux	4041	73,3	15,43	71,92	15,14	75,6	15,92	30,6	11,77	Jsp	251,42
02/07/2023 10:41	Tours	1410	75,75	15,95	81,72	17,2	74,57	15,7	35,2	13,54	350	267,24
02/07/2023 10:42	Strasbourg	391	82,3	17,33	83,08	17,49	78,4	16,51	34,2	13,15	184	277,98
02/07/2023 12:12	Université de Paris	5703	69,75	14,68	75,15	15,82	69,28	14,59	26,6	10,23	4422	240,78
02/07/2023 13:42	Nice	565	80,75	17	81,37	17,13	77,68	16,35	35,8	13,77	1100	275,6
02/07/2023 14:10	Toulouse	1394	75,75	15,95	81,12	17,08	77,28	16,27	33,2	12,77	3000	267,35
02/07/2023 14:26	Lorraine	1709	83,25	17,53	76,48	16,1	75,1	15,81	30,4	11,69	1370	265,23
02/07/2023 14:31	Université Paris-Saclay (P11)	1616	77,45	16,31	75	15,79	72,97	15,36	40,4	15,54	1928	265,82
02/07/2023 14:46	Université Paris-Saclay (P11)	202	80,6	16,97	78,38	16,5	79,15	16,66	43,4	16,69	7000 (environ sans avoir fait la dernière session)	281,53
02/07/2023 16:36	Lyon Sud	2612	76,45	16,09	75,17	15,83	74,25	15,63	33,6	12,92	7000 (sans lca)	259,47
02/07/2023 16:44	Poitiers	700	85,35	17,97	80,37	16,92	75,33	15,86	32,8	12,62	Pas fait	273,85
02/07/2023 17:33	Lyon Sud	1944	72,05	15,17	75,57	15,91	78,93	16,62	37	14,23	1700 (et quelques)	263,55
02/07/2023 18:20	UPEC	1684	76,3	16,06	78,23	16,47	75,83	15,96	35	13,46	2543	265,36
02/07/2023 18:26	Tours	7249	64,8	13,64	63,33	13,33	70,63	14,87	29,2	11,23	6233	227,96
02/07/2023 18:26	Paris ouest	758	82,1	17,28	79,45	16,73	79,53	16,74	32	12,31	1571	273,08
02/07/2023 18:28	bordeaux	2198	78	16,42	74,3	15,64	80,45	16,94	29,2	11,23	2771	261,95
02/07/2023 18:28	Nantes	349	76,25	16,05	80,77	17	78,62	16,55	43,2	16,62	1780	278,84
02/07/2023 18:28	saint Etienne	2675	75,75	15,95	77,25	16,26	73,03	15,37	33	12,69	3500	259,03
02/07/2023 18:30	Tours	7823	69,85	14,71	63,77	13,43	62,83	13,23	2	0,77	Pas fait	198,45
02/07/2023 18:32	Besançon	1809	78,95	16,62	73,55	15,48	79,02	16,64	33	12,69	1800	264,52
02/07/2023 18:33	Caen	5947	73,25	15,42	67,18	14,14	66,05	13,91	32,6	12,54	6030	239,08
02/07/2023 18:33	Paris Saclay	755	77,2	16,25	81,58	17,17	78,77	16,58	35,6	13,69	1353	273,15
02/07/2023 18:34	Clermont-Ferrand	7415	65	13,68	75	15,79	65	13,68	31	11,92	7200	236
02/07/2023 18:34	Rennes	4127	71,65	15,08	71,72	15,1	76,18	16,04	31,2	12	4400	250,75
02/07/2023 18:34	Lyon Est	1161	80,8	17,01	80,05	16,85	75,23	15,84	33,2	12,77	5727	269,28
02/07/2023 18:34	Sorbonne Université	298	80,35	16,92	87,92	18,51	77,7	16,36	33,8	13	246	279,77
02/07/2023 18:35	Lille	3047	73,4	15,45	73,33	15,44	71,3	15,01	38,8	14,92	1594	256,83
02/07/2023 18:36	Marseille	1652	74,52	15,69	78,37	16,5	73,85	15,55	38,8	14,92	2113	265,54
02/07/2023 18:36	Grenoble	910	79,2	16,67	79,48	16,73	76,7	16,15	36	13,85	1059	271,38
02/07/2023 18:36	Lyon Est	1252	80,3	16,91	80,92	17,04	74,83	15,75	32,4	12,46	1600	268,45
02/07/2023 18:38	Rennes 1	6622	66,7	14,04	75,2	15,83	66,1	13,92	25,6	9,85	5726	233,6
02/07/2023 18:39	Nantes	2891	77,7	16,36	77,1	16,23	75,62	15,92	27,4	10,54	2360	257,82
02/07/2023 18:40	lyon sud	416	81,7	17,2	76,22	16,05	81,2	17,09	38,4	14,77	600	277,52
02/07/2023 18:41	lille	7871	69,05	14,54	64,13	13,5	66,72	14,05	21	8,08	7005	220,9
02/07/2023 18:43	Aix marseille	819	77,7	16,36	78,47	16,52	75,9	15,98	40,4	15,54	1079	272,47
02/07/2023 18:43	Limoges	6801	63,85	13,44	66,18	13,93	65	13,68	37	14,23	6517	232,03
02/07/2023 18:43	Paris	1547	77,1	16,23	76,13	16,03	76,87	16,18	36,2	13,92	3263	266,3
02/07/2023 18:45	Tours	4368	72,55	15,27	75,08	15,81	72,35	15,23	29,4	11,31	3241	249,38
02/07/2023 18:47	Paris Cité	1610	78,1	16,44	80,17	16,88	76,8	16,17	30,8	11,85	2090	265,87
02/07/2023 18:47	Lyon sud	1889	76,5	16,11	77,77	16,37	75,28	15,85	34,4	13,23	2300	263,95
02/07/2023 18:51	Caen	673	85,05	17,91	81,08	17,07	77,1	16,23	31	11,92	888	274,23
02/07/2023 18:56	Caen	3434	73,5	15,47	81,53	17,16	67,13	14,13	32,4	12,46	1734	254,56
02/07/2023 18:57	Rennes	642	82,55	17,38	81,08	17,07	80,95	17,04	30	11,54	1500	274,58
02/07/2023 18:57	Sorbonne université	110	81,4	17,14	83,08	17,49	82,57	17,38	37,8	14,54	116	284,85
02/07/2023 18:58	Besançon	4839	70,25	14,79	76,5	16,11	73	15,37	26,6	10,23	5543	246,35
02/07/2023 18:59	Paris cité	2230	79,95	16,83	72,23	15,21	78,97	16,63	30,6	11,77	1064	261,75
02/07/2023 19:00	Marseille	4358	68,57	14,44	76,2	16,04	73,07	15,38	31,6	12,15	2900	249,44
02/07/2023 19:05	tours	455	82,85	17,44	77,65	16,35	79,22	16,68	37,2	14,31	1534	276,92
02/07/2023 19:07	Angers	3673	73,3	15,43	79,37	16,71	71,38	15,03	29,2	11,23	2761	253,25
02/07/2023 19:08	Bordeaux	622	81,05	17,06	78,33	16,49	75,6	15,92	39,8	15,31	356	274,78
02/07/2023 19:12	Lyon sud	630	81,7	17,2	81,12	17,08	81,5	17,16	30,4	11,69	Je sais plus, 6000 et quelques sans la LCA	274,72
02/07/2023 19:16	Paris diderot	7331	63,4	13,35	69,93	14,72	63,1	13,28	30,8	11,85	5502 (si mes souvenirs sont bons…)	227,23
02/07/2023 19:16	Saint Etienne	682	76,05	16,01	75,95	15,99	82,15	17,29	40	15,38	2470	274,15
02/07/2023 19:19	Caen	8101	63,92	13,46	61,4	12,93	68,02	14,32	24	9,23	7037	217,34
02/07/2023 19:20	Reims	4245	71	14,95	79,4	16,72	71,85	15,13	27,8	10,69	2267	250,05
02/07/2023 19:21	lille catho	7146	70,9	14,93	65,12	13,71	67,5	14,21	25,4	9,77	5549	228,92
02/07/2023 19:22	Lorraine	4094	75,75	15,95	72,27	15,21	71,37	15,03	31,6	12,15	1660	250,99
02/07/2023 19:25	Saint-Etienne	1085	79,1	16,65	78,45	16,52	75,93	15,99	36,4	14	921	269,88
02/07/2023 19:28	Paris cité	1042	80,4	16,93	80,12	16,87	78,87	16,6	30,8	11,85	3000	270,19
02/07/2023 19:31	Nantes	1385	79,6	16,76	77,73	16,36	76,7	16,15	33,4	12,85	225	267,43
02/07/2023 19:32	Nantes	417	81,75	17,21	80,4	16,93	81,35	17,13	34	13,08	1459	277,5
02/07/2023 19:36	Tours	2113	77,85	16,39	76,37	16,08	77,28	16,27	31	11,92	659	262,5
02/07/2023 19:39	Limoges	5009	72,9	15,35	73,13	15,4	72,9	15,35	26,4	10,15	5213	245,33
02/07/2023 19:57	Poitiers	2732	76,65	16,14	73,92	15,56	74,77	15,74	33,4	12,85	250	258,74
02/07/2023 19:57	P12	7421	64,65	13,61	69,3	14,59	66,87	14,08	25,4	9,77	6700	226,22
02/07/2023 19:58	Versailles	1657	80,5	16,95	84,83	17,86	71,57	15,07	28,6	11	1799	265,5
02/07/2023 20:01	Paris 11	5594	67,85	14,28	73,37	15,45	67,12	14,13	33,2	12,77	3065	241,54
02/07/2023 20:02	Lille	8040	67,9	14,29	62,35	13,13	64,87	13,66	23,4	9	6780	218,52
02/07/2023 20:06	Saint Étienne	3124	71,95	15,15	77,92	16,4	68,32	14,38	38,2	14,69	3844	256,39
02/07/2023 20:14	Nice	741	79,25	16,68	85,35	17,97	77,53	16,32	31,2	12	732	273,33
02/07/2023 20:18	Bordeaux	3234	78,4	16,51	73,07	15,38	66,7	14,04	37,4	14,38	5444	255,57
02/07/2023 20:22	Saint Étienne	5821	73,55	15,48	74,07	15,59	70,17	14,77	22,2	8,54	5000 et quelques	239,99
02/07/2023 20:24	Université de Paris	800	79,05	16,64	79,07	16,65	76,13	16,03	38,4	14,77	1049	272,65
02/07/2023 20:26	Nancy	4700	75,05	15,8	68,95	14,52	68,45	14,41	34,8	13,38	4485	247,25
02/07/2023 20:37	Clermont Ferrand	5019	70,6	14,86	78,27	16,48	73,57	15,49	22,8	8,77	3400	245,24
02/07/2023 20:43	Lyon Est	4440	69,5	14,63	78,23	16,47	70,63	14,87	30,6	11,77	4598	248,96
02/07/2023 20:48	Strasbourg	2935	74,85	15,76	78,55	16,54	73,37	15,45	30,8	11,85	2115	257,57
02/07/2023 21:07	Rennes	2974	73,6	15,49	75,67	15,93	74,53	15,69	33,6	12,92	3600	257,4
02/07/2023 21:08	Lille	3047	73,4	15,45	73,33	15,44	71,3	15,01	38,8	14,92	1595	256,83
02/07/2023 21:08	Rennes	1712	79,25	16,68	77,37	16,29	79	16,63	29,6	11,38	1654	265,22
02/07/2023 21:21	Lille	901	79	16,63	79,92	16,83	82,03	17,27	30,6	11,77	1073	271,55
02/07/2023 21:21	Lille	381	81,35	17,13	83,17	17,51	77,63	16,34	36	13,85	1094	278,15
02/07/2023 21:27	Etrangere	5242	74	15,58	74	15,58	69	14,53	27	10,38	5400	244
02/07/2023 21:29	Amiens	1154	81,55	17,17	80,03	16,85	77,57	16,33	30,2	11,62	1397	269,35
02/07/2023 21:41	Université Paris cité	5832	65,2	13,73	66,33	13,96	74,02	15,58	34,4	13,23	3629	239,95
02/07/2023 21:41	Poitiers	1159	84,1	17,71	78,65	16,56	73,77	15,53	32,8	12,62	809	269,32
02/07/2023 21:41	Paris 7	590	77	16,21	84,07	17,7	78,03	16,43	36,2	13,92	766	275,3
02/07/2023 21:49	Toulouse	2139	78,9	16,61	78,45	16,52	77,77	16,37	27,2	10,46	4500	262,32
02/07/2023 21:50	Lyon est	692	84	17,68	79,22	16,68	75,53	15,9	35,2	13,54	198	273,95
02/07/2023 21:55	Brest	6262	68,2	14,36	72,37	15,24	64,38	13,55	31,8	12,23	pas fait	236,75
02/07/2023 22:08	Limoges	5463	69,92	14,72	67,68	14,25	70,45	14,83	34,4	13,23	5681	242,45
02/07/2023 22:20	Nantes	3947	80,55	16,96	72,33	15,23	76,63	16,13	22,4	8,62	3237	251,91
02/07/2023 22:24	Nantes	2058	76,6	16,13	75,37	15,87	77,23	16,26	33,6	12,92	974	262,8
02/07/2023 22:25	Université Paris Cité	3903	69,95	14,73	74,77	15,74	75,9	15,98	31,6	12,15	4803	252,22
02/07/2023 22:34	paris descartes	4747	68,05	14,33	70,73	14,89	76,98	16,21	31,2	12	5000	246,96
02/07/2023 22:47	Amiens	1320	79,2	16,67	76,97	16,2	73,92	15,56	37,8	14,54	4513	267,89
02/07/2023 22:59	Lyon Est	7466	66,15	13,93	65,85	13,86	70,77	14,9	23	8,85	5700	225,77
02/07/2023 23:11	Angers	5060	69,25	14,58	72,37	15,24	71,18	14,99	32,2	12,38	7300	245
02/07/2023 23:15	Tours	774	70,9	14,93	84,9	17,87	76,93	16,2	40,2	15,46	Non fait	272,93
02/07/2023 23:22	UPC	1447	73,15	15,4	77,67	16,35	76,43	16,09	39,8	15,31	2100	267,05
02/07/2023 23:25	Lyon est	3686	73,75	15,53	70,67	14,88	73,67	15,51	35,2	13,54	5337	253,29
02/07/2023 23:45	Angers	1956	75,6	15,92	77,5	16,32	73,97	15,57	36,4	14	N/A	263,47
02/07/2023 23:47	Rennes	3053	80	16,84	74,5	15,68	73,88	15,55	28,4	10,92	3400	256,78
03/07/2023 00:13	strasbourg	2211	80,2	16,88	75,75	15,95	72,1	15,18	33,8	13	4590	261,85
03/07/2023 00:28	Marseille	5820	70,15	14,77	69,37	14,6	68,08	14,33	32,4	12,46	3744	240
03/07/2023 00:34	Université de Paris	1058	83,8	17,64	77,83	16,39	71,83	15,12	36,6	14,08	2623	270,06
03/07/2023 00:37	Strasbourg	1076	76,15	16,03	79,58	16,75	80,42	16,93	33,8	13	2694	269,95
03/07/2023 01:02	Clermont-Ferrand	3609	71,3	15,01	70,7	14,88	74,53	15,69	37,2	14,31	2226	253,73
03/07/2023 01:15	Paris 6	3703	80	16,84	70,85	14,92	74,73	15,73	27,6	10,62	3900	253,18
03/07/2023 01:43	Lyon Sud	1201	76,55	16,12	78,98	16,63	77,73	16,36	35,6	13,69	1906	268,86
03/07/2023 02:44	Paris 11	789	80,05	16,85	78,95	16,62	81,15	17,08	32,6	12,54	1013	272,75
03/07/2023 05:12	Paris Saclay	4390	70,15	14,77	72,53	15,27	79,6	16,76	27	10,38	2500	249,28
03/07/2023 05:17	Paris Cité	5535	69,7	14,67	75,02	15,79	71,83	15,12	25,4	9,77	5668	241,95
03/07/2023 09:02	Montpellier	2942	75,8	15,96	75,05	15,8	74,67	15,72	32	12,31	2248	257,52
03/07/2023 09:21	Paris 13	6844	69,9	14,72	72,92	15,35	68,65	14,45	20,2	7,77	6644	231,67
03/07/2023 09:51	Tours	740	83,2	17,52	79,72	16,78	76,82	16,17	33,6	12,92	293	273,34
03/07/2023 09:52	Paris Ouest	4880	69,55	14,64	72,65	15,29	73,92	15,56	30	11,54	3635	246,12
03/07/2023 10:10	Descartes	501	82,4	17,35	78,58	16,54	80,07	16,86	35,2	13,54	276,25	276,25
03/07/2023 10:30	Caen	1470	76,65	16,14	79,47	16,73	77,53	16,32	33,2	12,77	3100	266,85
03/07/2023 10:35	Lyon sud	1318	82,3	17,33	80	16,84	79,2	16,67	26,4	10,15	1198	267,9
03/07/2023 11:14	Poitiers	2376	75,6	15,92	77,7	16,36	77,15	16,24	30,4	11,69	environ 2350	260,85
03/07/2023 11:32	amiens	1887	77,45	16,31	74,9	15,77	79,18	16,67	32,4	12,46	1014	263,93
03/07/2023 11:42	Lyon Est	972	80,45	16,94	77,78	16,37	79,1	16,65	33,4	12,85	1538	270,73
03/07/2023 11:47	Paris 11	969	78	16,42	76,07	16,01	76,5	16,11	40,2	15,46	959	270,77
03/07/2023 11:58	Sorbonne Université	680	76,6	16,13	82,75	17,42	81,43	17,14	33,4	12,85	878	274,18
03/07/2023 12:12	Saint Étienne	1616	75,05	15,8	76,3	16,06	76,1	16,02	32	12,31	2600	259,45
03/07/2023 12:22	Reims	3342	72,05	15,17	70	14,74	73,25	15,42	39,8	15,31	3818	255,1
03/07/2023 12:23	Besançon	6430	70,05	14,75	69,52	14,64	68,22	14,36	27,6	10,62	4000	235,39
03/07/2023 13:00	paris-saclay	584	79,07	16,65	78,12	16,45	80	16,84	38,2	14,69	288	275,39
03/07/2023 13:32	Rennes	1149	80,15	16,87	80,48	16,94	74,57	15,7	34,2	13,15	434	269,4
03/07/2023 13:33	CRETEIL	3974	72,2	15,2	78,05	16,43	74,95	15,78	26,6	10,23	1024	251,8
03/07/2023 13:36	Lille catho	3358	73,5	15,47	76,8	16,17	73,13	15,4	31,6	12,15	1096	255,03
03/07/2023 14:54	Lyon Sud	2336	76,2	16,04	78,82	16,59	70,25	14,79	35,8	13,77	4034	261,07
03/07/2023 15:01	Université de Paris	816	79,4	16,72	77,45	16,31	77,23	16,26	38,4	14,77	789	272,48
03/07/2023 15:57	Amiens	2180	73,95	15,57	78,73	16,57	74,97	15,78	34,4	13,23	3533	262,05
03/07/2023 16:32	Marseille	7376	71,75	15,11	65,17	13,72	68,2	14,36	21,6	8,31	4500	226,72
03/07/2023 16:52	Lyon Est	5626	70,95	14,94	73,93	15,56	69,02	14,53	27,4	10,54	5240	241,3
03/07/2023 16:58	LILLE etat	898	78,6	16,55	79,48	16,73	80,5	16,95	33	12,69	628	271,58
03/07/2023 17:41	caen	5527	72,95	15,36	69,38	14,61	67,67	14,25	32	12,31	4200	242
03/07/2023 17:44	Montpellier	365	80,65	16,98	79,7	16,78	79,77	16,79	39,4	15,15	1254	279,52
03/07/2023 17:44	UNIVERSITE DE PARIS	2641	76,95	16,2	71,73	15,1	73,22	15,41	37,4	14,38	5069	259,3
03/07/2023 18:20	Bordeaux	3397	76,6	16,13	75,37	15,87	76	16	26,8	10,31	4068	254,77
03/07/2023 19:16	Sorbonne université	2682	75,55	15,91	75,32	15,86	73,53	15,48	34,6	13,31	4220	259
03/07/2023 19:27	Lille Etat	591	75,9	15,98	79,33	16,7	79,87	16,81	40,2	15,46	231	275,3
03/07/2023 19:54	Rennes	6495	66,07	13,91	69,93	14,72	67,77	14,27	31	11,92	6322	234,77
03/07/2023 20:16	Paris Descartes	1012	80,75	17	79,87	16,81	78,97	16,63	30,8	11,85	761	270,39
03/07/2023 20:26	Angers	911	79,1	16,65	78,7	16,57	76,97	16,2	36,6	14,08	1381	271,37
03/07/2023 21:11	Université de Paris	289	81,5	17,16	83,72	17,63	78,43	16,51	36,2	13,92	1190	279,85
03/07/2023 22:13	Paris Descartes	5911	65,7	13,83	72,12	15,18	67,23	14,15	34,4	13,23	6300	239,45
03/07/2023 23:16	Toulouse	267	82,8	17,43	81,47	17,15	79,85	16,81	36	13,85	266	280,12
03/07/2023 23:24	Paris 13	3839	75,07	15,8	76,08	16,02	74,82	15,75	26,6	10,23	3547	252,57
04/07/2023 01:39	poitiers	2771	76,25	16,05	79,18	16,67	73,05	15,38	30	11,54	3100	258,48
04/07/2023 03:25	Lyon sud	1464	81	17,05	81,62	17,18	78,72	16,57	25,6	9,85	694	266,94
04/07/2023 08:42	Lyon Est	3282	72,67	15,3	80,32	16,91	67,43	14,2	35	13,46	1240	255,42
04/07/2023 09:20	Rouen	509	81,75	17,21	77,03	16,22	79,6	16,76	37,8	14,54	478	276,18
04/07/2023 10:31	Tours	4187	71,7	15,09	69,08	14,54	76,97	16,2	32,6	12,54	2318	250,35
04/07/2023 10:51	Dijon	607	81,35	17,13	81,98	17,26	76,5	16,11	35,2	13,54	275,03	275,03
04/07/2023 11:03	Paris	8522	61,15	12,87	67,02	14,11	62,55	13,17	19,2	7,38	pas fait	209,92
04/07/2023 12:26	Rennes	3447	72,95	15,36	76,28	16,06	72,05	15,17	33,2	12,77	5053	254,48
04/07/2023 13:13	Lorraine	8135	62,6	13,18	68,52	14,43	65,45	13,78	20,2	7,77	6000	216,77
04/07/2023 13:48	Poitiers	6721	62,17	13,09	67,32	14,17	67,55	14,22	35,8	13,77	4500	232,84
04/07/2023 14:32	Nantes	1137	82,7	17,41	79,87	16,81	78,52	16,53	28,4	10,92	283	269,49
04/07/2023 15:42	Rennes	2480	73,6	15,49	76,43	16,09	75,03	15,8	35,2	13,54	4400	260,26
04/07/2023 18:04	Strasbourg	1178	78,8	16,59	80,05	16,85	78,43	16,51	31,8	12,23	2200	269,08
04/07/2023 20:27	Tours	672	76,5	16,11	81,4	17,14	80,57	16,96	35,8	13,77	1947	274,27
04/07/2023 23:09	Bordeaux	6327	73,05	15,38	73,28	15,43	65,87	13,87	24	9,23	2767	236,2
05/07/2023 03:38	Rennes	190	82,1	17,28	85,65	18,03	80,23	16,89	33,8	13	370	281,78
05/07/2023 10:57	Besançon	1841	76,3	16,06	74,9	15,77	78,3	16,48	18,41	7,08	5196	247,91
05/07/2023 12:17	Rouen	8093	64,67	13,61	58,87	12,39	61	12,84	33	12,69	6900	217,54
05/07/2023 13:41	Tours	463	80,75	17	80,47	16,94	81,6	17,18	34	13,08	499	276,82
05/07/2023 16:32	Lorraine	436	80,55	16,96	82,12	17,29	77,97	16,41	36,6	14,08	528	277,24
05/07/2023 22:20	Toulouse	3906	72,55	15,27	75,55	15,91	71,07	14,96	33	12,69	3291	252,17
05/07/2023 22:37	Paris descartes	1261	80,45	16,94	82,1	17,28	74,6	15,71	31,2	12	1623	268,35
05/07/2023 23:12	Poitiers	8269	66,8	14,06	60,63	12,76	63,92	13,46	23,2	8,92	6252	214,55
05/07/2023 23:55	Lyon est	1982	79,8	16,8	75,47	15,89	73,22	15,41	34,8	13,38	2000	263,29
06/07/2023 06:36	UPEC	1831	79,35	16,71	76,77	16,16	74,83	15,75	33,4	12,85	2900	264,35
06/07/2023 12:20	Amiens	1465	79,6	16,76	77,42	16,3	78,52	16,53	31,4	12,08	3300	266,94
06/07/2023 14:16	Angers	2395	73,95	15,57	76,05	16,01	78,55	16,54	32,2	12,38	2716	260,75
06/07/2023 18:06	Besançon	3013	75,1	15,81	77,25	16,26	68,8	14,48	33,4	12,85	2777	254,55
07/07/2023 18:23	Sorbonne université	2600	77,4	16,29	74,4	15,66	77,13	16,24	30,6	11,77	2825	259,53
08/07/2023 01:23	Paris 13	6687	65,95	13,88	66,18	13,93	71,95	15,15	29	11,15	7100	233,08
08/07/2023 09:44	Rennes	3246	74	15,58	72,2	15,2	75,2	15,83	34,2	13,15	4500	255,6
08/07/2023 12:52	Saint-Etienne	986	78,9	16,61	78,58	16,54	78,13	16,45	35	13,46	264	270,61
10/07/2023 14:53	Lille	1605	81,75	17,21	72,2	15,2	78,13	16,45	33,8	13	643	265,88
10/07/2023 17:43	Tours	3734	71,8	15,12	75,48	15,89	72,32	15,23	33,4	12,85	2443	253
11/07/2023 12:45	Paris XIII	935	83,25	17,53	82,87	17,45	76,4	16,08	28,6	11	414	271,12
13/07/2023 09:39	Strasbourg	5982	72,72	15,31	67,72	14,26	73,98	15,57	24,4	9,38	4946	238,82
18/07/2023 13:49	Montpellier	4935	69,9		74,23		72,23		29,4		Non fait	
20/07/2023 11:38	Nantes	2838	68,45		73,3		73,97		42,4		4208	
				0		0		0		0		0
				0		0		0		0		0
				0		0		0		0		0
				0		0		0		0		0
				0		0		0		0		0
				0		0		0		0		0
				0		0		0		0		0
				0		0		0		0		0
				0		0		0		0		0
				0		0		0		0		0
				0		0		0		0		0
				0		0		0		0		0
				0		0		0		0		0
				0		0		0		0		0
				0		0		0		0		0
				0		0		0		0		0
				0		0		0		0		0
				0		0		0		0		0
				0		0		0		0		0
				0		0		0		0		0
												
												
												
												
												
												
												
												
												
												
												
												
												
												
												
												
												
												
												
												
												
												
												
												
												
												
												
												
												
												
												
												
												
												
												
												
												
												
												
												
												
												
												
												
												
												
												
												
												
												
												
												
												
												
												
												
												
												
												
												
												
												
												
												
												
												
												
												
												
												
												
												
												
												
												
												
												
												
												
												
